invoice_id,subscription_id,invoice_date,amount,status
1,246,2024-02-03,225,paid
2,15,2024-02-18,150,paid
3,246,2024-03-03,225,paid
4,260,2024-03-09,195,paid
5,41,2024-03-10,2440,paid
6,15,2024-03-18,150,paid
7,187,2024-03-23,3840,paid
8,246,2024-04-03,225,paid
9,260,2024-04-09,195,paid
10,41,2024-04-10,2440,paid
11,15,2024-04-18,150,paid
12,187,2024-04-23,3840,paid
13,262,2024-04-26,255,paid
14,243,2024-04-28,720,paid
15,246,2024-05-03,225,paid
16,180,2024-05-08,2480,paid
17,260,2024-05-09,195,paid
18,41,2024-05-10,2440,paid
19,15,2024-05-18,150,overdue
20,269,2024-05-18,3600,paid
21,187,2024-05-23,3840,paid
22,262,2024-05-26,255,paid
23,243,2024-05-28,720,paid
24,246,2024-06-03,225,void
25,180,2024-06-08,2480,paid
26,260,2024-06-09,195,paid
27,41,2024-06-10,2440,paid
28,15,2024-06-18,150,paid
29,269,2024-06-18,3600,paid
30,187,2024-06-23,3840,paid
31,54,2024-06-24,1640,paid
32,257,2024-06-25,1160,paid
33,262,2024-06-26,255,paid
34,233,2024-06-28,240,paid
35,243,2024-06-28,720,paid
36,246,2024-07-03,225,paid
37,180,2024-07-08,2480,paid
38,260,2024-07-09,195,paid
39,41,2024-07-10,2440,paid
40,33,2024-07-13,2600,paid
41,225,2024-07-15,16560,paid
42,61,2024-07-16,120,paid
43,15,2024-07-18,150,paid
44,269,2024-07-18,3600,paid
45,187,2024-07-23,3840,paid
46,54,2024-07-24,1640,void
47,257,2024-07-25,1160,paid
48,262,2024-07-26,255,void
49,233,2024-07-28,240,paid
50,243,2024-07-28,720,paid
51,246,2024-08-03,225,paid
52,250,2024-08-03,800,paid
53,84,2024-08-05,9450,paid
54,180,2024-08-08,2480,paid
55,260,2024-08-09,195,paid
56,41,2024-08-10,2440,paid
57,33,2024-08-13,2600,paid
58,67,2024-08-14,3920,paid
59,225,2024-08-15,16560,paid
60,61,2024-08-16,120,paid
61,15,2024-08-18,150,paid
62,269,2024-08-18,3600,paid
63,187,2024-08-23,3840,paid
64,54,2024-08-24,1640,paid
65,220,2024-08-25,255,paid
66,257,2024-08-25,1160,paid
67,262,2024-08-26,255,paid
68,233,2024-08-28,240,void
69,243,2024-08-28,720,paid
70,256,2024-08-30,225,void
71,122,2024-09-01,600,paid
72,234,2024-09-01,11610,paid
73,246,2024-09-03,225,paid
74,250,2024-09-03,800,paid
75,84,2024-09-05,9450,paid
76,180,2024-09-08,2480,paid
77,260,2024-09-09,195,paid
78,41,2024-09-10,2440,paid
79,33,2024-09-13,2600,paid
80,67,2024-09-14,3920,paid
81,225,2024-09-15,16560,paid
82,61,2024-09-16,120,paid
83,239,2024-09-16,90,paid
84,15,2024-09-18,150,paid
85,269,2024-09-18,3600,paid
86,187,2024-09-23,3840,paid
87,54,2024-09-24,1640,paid
88,220,2024-09-25,255,paid
89,257,2024-09-25,1160,paid
90,262,2024-09-26,255,paid
91,183,2024-09-28,3520,paid
92,233,2024-09-28,240,overdue
93,243,2024-09-28,720,paid
94,256,2024-09-30,225,paid
95,122,2024-10-01,600,paid
96,234,2024-10-01,11610,paid
97,246,2024-10-03,225,paid
98,250,2024-10-03,800,paid
99,84,2024-10-05,9450,paid
100,180,2024-10-08,2480,paid
101,260,2024-10-09,195,paid
102,41,2024-10-10,2440,paid
103,263,2024-10-11,1920,paid
104,33,2024-10-13,2600,paid
105,52,2024-10-13,640,paid
106,67,2024-10-14,3920,paid
107,225,2024-10-15,16560,paid
108,18,2024-10-16,195,paid
109,61,2024-10-16,120,paid
110,239,2024-10-16,90,paid
111,15,2024-10-18,150,paid
112,269,2024-10-18,3600,paid
113,244,2024-10-22,270,paid
114,187,2024-10-23,3840,paid
115,54,2024-10-24,1640,paid
116,220,2024-10-25,255,paid
117,257,2024-10-25,1160,paid
118,183,2024-10-28,3520,paid
119,233,2024-10-28,240,paid
120,243,2024-10-28,720,paid
121,38,2024-10-30,1000,paid
122,256,2024-10-30,225,paid
123,122,2024-11-01,600,paid
124,234,2024-11-01,11610,paid
125,246,2024-11-03,225,paid
126,250,2024-11-03,800,paid
127,42,2024-11-05,20700,paid
128,84,2024-11-05,9450,paid
129,180,2024-11-08,2480,paid
130,260,2024-11-09,195,paid
131,263,2024-11-11,1920,paid
132,229,2024-11-12,150,paid
133,33,2024-11-13,2600,paid
134,52,2024-11-13,640,paid
135,242,2024-11-13,375,paid
136,67,2024-11-14,3920,paid
137,236,2024-11-14,225,paid
138,225,2024-11-15,16560,paid
139,18,2024-11-16,195,paid
140,61,2024-11-16,120,paid
141,239,2024-11-16,90,paid
142,15,2024-11-18,150,void
143,269,2024-11-18,3600,paid
144,152,2024-11-22,680,paid
145,244,2024-11-22,270,paid
146,187,2024-11-23,3840,paid
147,54,2024-11-24,1640,paid
148,181,2024-11-25,375,paid
149,220,2024-11-25,255,paid
150,257,2024-11-25,1160,paid
151,183,2024-11-28,3520,paid
152,233,2024-11-28,240,paid
153,243,2024-11-28,720,paid
154,38,2024-11-30,1000,paid
155,256,2024-11-30,225,paid
156,122,2024-12-01,600,paid
157,234,2024-12-01,11610,paid
158,246,2024-12-03,225,paid
159,250,2024-12-03,800,void
160,42,2024-12-05,20700,paid
161,84,2024-12-05,9450,paid
162,4,2024-12-08,15750,void
163,180,2024-12-08,2480,paid
164,260,2024-12-09,195,overdue
165,263,2024-12-11,1920,paid
166,229,2024-12-12,150,paid
167,33,2024-12-13,2600,paid
168,52,2024-12-13,640,paid
169,242,2024-12-13,375,paid
170,67,2024-12-14,3920,paid
171,236,2024-12-14,225,paid
172,225,2024-12-15,16560,paid
173,18,2024-12-16,195,paid
174,61,2024-12-16,120,paid
175,97,2024-12-16,25020,paid
176,239,2024-12-16,90,paid
177,15,2024-12-18,150,paid
178,269,2024-12-18,3600,paid
179,152,2024-12-22,680,paid
180,244,2024-12-22,270,paid
181,187,2024-12-23,3840,paid
182,54,2024-12-24,1640,paid
183,181,2024-12-25,375,paid
184,220,2024-12-25,255,paid
185,257,2024-12-25,1160,paid
186,249,2024-12-26,2240,paid
187,183,2024-12-28,3520,paid
188,233,2024-12-28,240,paid
189,243,2024-12-28,720,paid
190,9,2024-12-29,1240,paid
191,38,2024-12-30,1000,paid
192,129,2024-12-30,3720,paid
193,256,2024-12-30,225,paid
194,122,2025-01-01,600,paid
195,234,2025-01-01,11610,paid
196,246,2025-01-03,225,paid
197,250,2025-01-03,800,paid
198,42,2025-01-05,20700,paid
199,84,2025-01-05,9450,void
200,4,2025-01-08,15750,paid
201,180,2025-01-08,2480,paid
202,260,2025-01-09,195,paid
203,263,2025-01-11,1920,paid
204,229,2025-01-12,150,paid
205,33,2025-01-13,2600,paid
206,52,2025-01-13,640,paid
207,242,2025-01-13,375,paid
208,67,2025-01-14,3920,paid
209,236,2025-01-14,225,paid
210,225,2025-01-15,16560,paid
211,18,2025-01-16,195,paid
212,61,2025-01-16,120,paid
213,97,2025-01-16,25020,void
214,239,2025-01-16,90,paid
215,15,2025-01-18,150,paid
216,258,2025-01-18,18990,paid
217,269,2025-01-18,3600,paid
218,152,2025-01-22,680,paid
219,244,2025-01-22,270,paid
220,10,2025-01-23,3280,overdue
221,187,2025-01-23,3840,paid
222,181,2025-01-25,375,paid
223,220,2025-01-25,255,paid
224,249,2025-01-26,2240,paid
225,183,2025-01-28,3520,paid
226,233,2025-01-28,240,paid
227,243,2025-01-28,720,paid
228,9,2025-01-29,1240,paid
229,38,2025-01-30,1000,paid
230,129,2025-01-30,3720,paid
231,256,2025-01-30,225,paid
232,122,2025-02-01,600,paid
233,200,2025-02-01,27270,paid
234,234,2025-02-01,11610,paid
235,246,2025-02-03,225,paid
236,250,2025-02-03,800,paid
237,42,2025-02-05,20700,paid
238,84,2025-02-05,9450,paid
239,173,2025-02-07,225,paid
240,4,2025-02-08,15750,overdue
241,60,2025-02-08,27360,paid
242,180,2025-02-08,2480,paid
243,260,2025-02-09,195,paid
244,263,2025-02-11,1920,paid
245,229,2025-02-12,150,paid
246,33,2025-02-13,2600,paid
247,52,2025-02-13,640,paid
248,242,2025-02-13,375,paid
249,67,2025-02-14,3920,paid
250,236,2025-02-14,225,paid
251,225,2025-02-15,16560,paid
252,18,2025-02-16,195,overdue
253,61,2025-02-16,120,paid
254,97,2025-02-16,25020,paid
255,123,2025-02-16,680,paid
256,239,2025-02-16,90,paid
257,15,2025-02-18,150,paid
258,83,2025-02-18,180,paid
259,258,2025-02-18,18990,overdue
260,269,2025-02-18,3600,paid
261,241,2025-02-20,3200,paid
262,95,2025-02-22,3280,paid
263,143,2025-02-22,3840,paid
264,152,2025-02-22,680,paid
265,244,2025-02-22,270,paid
266,10,2025-02-23,3280,paid
267,187,2025-02-23,3840,paid
268,153,2025-02-24,1080,paid
269,181,2025-02-25,375,paid
270,220,2025-02-25,255,paid
271,249,2025-02-26,2240,paid
272,78,2025-02-27,15750,paid
273,9,2025-02-28,1240,paid
274,38,2025-02-28,1000,paid
275,104,2025-02-28,225,paid
276,129,2025-02-28,3720,paid
277,183,2025-02-28,3520,paid
278,233,2025-02-28,240,paid
279,243,2025-02-28,720,paid
280,256,2025-02-28,225,paid
281,122,2025-03-01,600,paid
282,200,2025-03-01,27270,paid
283,234,2025-03-01,11610,paid
284,246,2025-03-03,225,paid
285,250,2025-03-03,800,paid
286,42,2025-03-05,20700,paid
287,84,2025-03-05,9450,paid
288,100,2025-03-06,165,paid
289,173,2025-03-07,225,paid
290,4,2025-03-08,15750,paid
291,60,2025-03-08,27360,paid
292,180,2025-03-08,2480,paid
293,260,2025-03-09,195,paid
294,263,2025-03-11,1920,paid
295,229,2025-03-12,150,paid
296,33,2025-03-13,2600,paid
297,52,2025-03-13,640,paid
298,242,2025-03-13,375,paid
299,67,2025-03-14,3920,void
300,236,2025-03-14,225,paid
301,225,2025-03-15,16560,paid
302,18,2025-03-16,195,paid
303,61,2025-03-16,120,paid
304,97,2025-03-16,25020,paid
305,123,2025-03-16,680,paid
306,239,2025-03-16,90,paid
307,37,2025-03-17,3200,paid
308,15,2025-03-18,150,paid
309,83,2025-03-18,180,paid
310,221,2025-03-18,680,paid
311,258,2025-03-18,18990,paid
312,269,2025-03-18,3600,paid
313,241,2025-03-20,3200,paid
314,88,2025-03-22,180,paid
315,95,2025-03-22,3280,paid
316,143,2025-03-22,3840,paid
317,152,2025-03-22,680,paid
318,244,2025-03-22,270,paid
319,10,2025-03-23,3280,paid
320,187,2025-03-23,3840,paid
321,153,2025-03-24,1080,paid
322,181,2025-03-25,375,paid
323,249,2025-03-26,2240,paid
324,78,2025-03-27,15750,paid
325,30,2025-03-28,150,paid
326,104,2025-03-28,225,paid
327,183,2025-03-28,3520,paid
328,233,2025-03-28,240,paid
329,243,2025-03-28,720,paid
330,9,2025-03-29,1240,paid
331,38,2025-03-30,1000,paid
332,129,2025-03-30,3720,paid
333,235,2025-03-30,3920,paid
334,256,2025-03-30,225,paid
335,122,2025-04-01,600,paid
336,200,2025-04-01,27270,paid
337,234,2025-04-01,11610,paid
338,246,2025-04-03,225,paid
339,250,2025-04-03,800,paid
340,42,2025-04-05,20700,paid
341,84,2025-04-05,9450,paid
342,100,2025-04-06,165,void
343,173,2025-04-07,225,paid
344,4,2025-04-08,15750,paid
345,60,2025-04-08,27360,paid
346,180,2025-04-08,2480,paid
347,260,2025-04-09,195,paid
348,263,2025-04-11,1920,paid
349,229,2025-04-12,150,paid
350,33,2025-04-13,2600,paid
351,52,2025-04-13,640,paid
352,242,2025-04-13,375,paid
353,67,2025-04-14,3920,paid
354,236,2025-04-14,225,paid
355,225,2025-04-15,16560,paid
356,18,2025-04-16,195,paid
357,61,2025-04-16,120,paid
358,97,2025-04-16,25020,paid
359,123,2025-04-16,680,paid
360,239,2025-04-16,90,paid
361,37,2025-04-17,3200,paid
362,91,2025-04-17,2920,paid
363,175,2025-04-17,20880,paid
364,15,2025-04-18,150,paid
365,83,2025-04-18,180,paid
366,221,2025-04-18,680,paid
367,258,2025-04-18,18990,paid
368,269,2025-04-18,3600,paid
369,203,2025-04-20,2400,paid
370,241,2025-04-20,3200,paid
371,88,2025-04-22,180,paid
372,95,2025-04-22,3280,paid
373,143,2025-04-22,3840,paid
374,152,2025-04-22,680,paid
375,244,2025-04-22,270,paid
376,251,2025-04-22,2200,paid
377,10,2025-04-23,3280,paid
378,187,2025-04-23,3840,paid
379,153,2025-04-24,1080,paid
380,132,2025-04-25,26730,paid
381,181,2025-04-25,375,paid
382,249,2025-04-26,2240,paid
383,78,2025-04-27,15750,paid
384,30,2025-04-28,150,paid
385,104,2025-04-28,225,paid
386,183,2025-04-28,3520,paid
387,233,2025-04-28,240,paid
388,243,2025-04-28,720,paid
389,9,2025-04-29,1240,paid
390,38,2025-04-30,1000,paid
391,129,2025-04-30,3720,paid
392,235,2025-04-30,3920,paid
393,256,2025-04-30,225,paid
394,76,2025-05-01,330,paid
395,122,2025-05-01,600,paid
396,200,2025-05-01,27270,paid
397,234,2025-05-01,11610,paid
398,246,2025-05-03,225,paid
399,250,2025-05-03,800,paid
400,164,2025-05-04,1840,paid
401,42,2025-05-05,20700,paid
402,84,2025-05-05,9450,paid
403,100,2025-05-06,165,paid
404,228,2025-05-06,240,paid
405,173,2025-05-07,225,paid
406,4,2025-05-08,15750,paid
407,60,2025-05-08,27360,overdue
408,180,2025-05-08,2480,paid
409,197,2025-05-08,3680,paid
410,260,2025-05-09,195,paid
411,80,2025-05-10,45,paid
412,263,2025-05-11,1920,paid
413,36,2025-05-12,300,paid
414,229,2025-05-12,150,paid
415,33,2025-05-13,2600,paid
416,52,2025-05-13,640,paid
417,242,2025-05-13,375,paid
418,67,2025-05-14,3920,paid
419,236,2025-05-14,225,paid
420,115,2025-05-15,195,paid
421,225,2025-05-15,16560,paid
422,18,2025-05-16,195,paid
423,61,2025-05-16,120,paid
424,97,2025-05-16,25020,paid
425,123,2025-05-16,680,paid
426,239,2025-05-16,90,paid
427,37,2025-05-17,3200,paid
428,91,2025-05-17,2920,paid
429,175,2025-05-17,20880,paid
430,15,2025-05-18,150,paid
431,83,2025-05-18,180,paid
432,221,2025-05-18,680,paid
433,258,2025-05-18,18990,paid
434,269,2025-05-18,3600,paid
435,203,2025-05-20,2400,paid
436,241,2025-05-20,3200,paid
437,94,2025-05-21,1320,paid
438,214,2025-05-21,800,paid
439,88,2025-05-22,180,paid
440,95,2025-05-22,3280,paid
441,143,2025-05-22,3840,paid
442,152,2025-05-22,680,paid
443,199,2025-05-22,15930,paid
444,244,2025-05-22,270,paid
445,251,2025-05-22,2200,paid
446,10,2025-05-23,3280,paid
447,161,2025-05-23,135,paid
448,187,2025-05-23,3840,paid
449,153,2025-05-24,1080,paid
450,132,2025-05-25,26730,paid
451,181,2025-05-25,375,paid
452,12,2025-05-26,135,paid
453,248,2025-05-26,24660,paid
454,249,2025-05-26,2240,paid
455,78,2025-05-27,15750,overdue
456,5,2025-05-28,18450,paid
457,30,2025-05-28,150,paid
458,104,2025-05-28,225,paid
459,183,2025-05-28,3520,paid
460,233,2025-05-28,240,paid
461,243,2025-05-28,720,paid
462,9,2025-05-29,1240,paid
463,247,2025-05-29,225,paid
464,129,2025-05-30,3720,paid
465,235,2025-05-30,3920,paid
466,256,2025-05-30,225,paid
467,76,2025-06-01,330,paid
468,122,2025-06-01,600,paid
469,200,2025-06-01,27270,paid
470,234,2025-06-01,11610,paid
471,246,2025-06-03,225,paid
472,250,2025-06-03,800,paid
473,164,2025-06-04,1840,paid
474,42,2025-06-05,20700,paid
475,84,2025-06-05,9450,paid
476,100,2025-06-06,165,paid
477,228,2025-06-06,240,paid
478,173,2025-06-07,225,paid
479,4,2025-06-08,15750,paid
480,60,2025-06-08,27360,paid
481,180,2025-06-08,2480,paid
482,197,2025-06-08,3680,paid
483,260,2025-06-09,195,paid
484,80,2025-06-10,45,paid
485,6,2025-06-11,345,paid
486,263,2025-06-11,1920,paid
487,36,2025-06-12,300,paid
488,229,2025-06-12,150,paid
489,33,2025-06-13,2600,paid
490,52,2025-06-13,640,paid
491,242,2025-06-13,375,paid
492,67,2025-06-14,3920,paid
493,236,2025-06-14,225,paid
494,115,2025-06-15,195,paid
495,225,2025-06-15,16560,paid
496,18,2025-06-16,195,paid
497,61,2025-06-16,120,paid
498,97,2025-06-16,25020,paid
499,123,2025-06-16,680,paid
500,239,2025-06-16,90,paid
501,37,2025-06-17,3200,paid
502,91,2025-06-17,2920,paid
503,175,2025-06-17,20880,paid
504,15,2025-06-18,150,paid
505,83,2025-06-18,180,paid
506,221,2025-06-18,680,paid
507,258,2025-06-18,18990,paid
508,269,2025-06-18,3600,paid
509,203,2025-06-20,2400,paid
510,241,2025-06-20,3200,paid
511,94,2025-06-21,1320,paid
512,214,2025-06-21,800,paid
513,88,2025-06-22,180,paid
514,95,2025-06-22,3280,paid
515,143,2025-06-22,3840,paid
516,152,2025-06-22,680,paid
517,199,2025-06-22,15930,paid
518,244,2025-06-22,270,paid
519,251,2025-06-22,2200,paid
520,10,2025-06-23,3280,paid
521,161,2025-06-23,135,overdue
522,187,2025-06-23,3840,paid
523,153,2025-06-24,1080,paid
524,132,2025-06-25,26730,paid
525,181,2025-06-25,375,paid
526,12,2025-06-26,135,paid
527,248,2025-06-26,24660,void
528,249,2025-06-26,2240,paid
529,78,2025-06-27,15750,paid
530,5,2025-06-28,18450,paid
531,30,2025-06-28,150,paid
532,104,2025-06-28,225,paid
533,183,2025-06-28,3520,paid
534,233,2025-06-28,240,paid
535,243,2025-06-28,720,paid
536,9,2025-06-29,1240,paid
537,210,2025-06-29,330,paid
538,247,2025-06-29,225,paid
539,129,2025-06-30,3720,paid
540,235,2025-06-30,3920,paid
541,256,2025-06-30,225,paid
542,259,2025-06-30,75,paid
543,76,2025-07-01,330,paid
544,122,2025-07-01,600,paid
545,200,2025-07-01,27270,paid
546,234,2025-07-01,11610,paid
547,246,2025-07-03,225,paid
548,250,2025-07-03,800,paid
549,164,2025-07-04,1840,paid
550,42,2025-07-05,20700,paid
551,84,2025-07-05,9450,paid
552,100,2025-07-06,165,paid
553,228,2025-07-06,240,paid
554,173,2025-07-07,225,paid
555,4,2025-07-08,15750,paid
556,43,2025-07-08,3040,paid
557,60,2025-07-08,27360,paid
558,180,2025-07-08,2480,paid
559,197,2025-07-08,3680,paid
560,260,2025-07-09,195,paid
561,80,2025-07-10,45,paid
562,6,2025-07-11,345,paid
563,263,2025-07-11,1920,paid
564,36,2025-07-12,300,paid
565,157,2025-07-12,360,paid
566,229,2025-07-12,150,paid
567,52,2025-07-13,640,paid
568,242,2025-07-13,375,paid
569,14,2025-07-14,345,paid
570,67,2025-07-14,3920,paid
571,236,2025-07-14,225,paid
572,115,2025-07-15,195,void
573,225,2025-07-15,16560,paid
574,18,2025-07-16,195,paid
575,61,2025-07-16,120,paid
576,97,2025-07-16,25020,paid
577,123,2025-07-16,680,paid
578,239,2025-07-16,90,paid
579,37,2025-07-17,3200,paid
580,91,2025-07-17,2920,paid
581,175,2025-07-17,20880,paid
582,15,2025-07-18,150,paid
583,83,2025-07-18,180,paid
584,221,2025-07-18,680,paid
585,258,2025-07-18,18990,paid
586,269,2025-07-18,3600,paid
587,203,2025-07-20,2400,paid
588,241,2025-07-20,3200,paid
589,94,2025-07-21,1320,paid
590,214,2025-07-21,800,paid
591,88,2025-07-22,180,paid
592,95,2025-07-22,3280,paid
593,143,2025-07-22,3840,paid
594,147,2025-07-22,3240,paid
595,152,2025-07-22,680,paid
596,199,2025-07-22,15930,paid
597,244,2025-07-22,270,paid
598,251,2025-07-22,2200,paid
599,10,2025-07-23,3280,paid
600,161,2025-07-23,135,paid
601,187,2025-07-23,3840,paid
602,120,2025-07-24,1960,paid
603,153,2025-07-24,1080,paid
604,132,2025-07-25,26730,paid
605,181,2025-07-25,375,paid
606,12,2025-07-26,135,paid
607,141,2025-07-26,1080,paid
608,248,2025-07-26,24660,paid
609,249,2025-07-26,2240,paid
610,78,2025-07-27,15750,paid
611,5,2025-07-28,18450,paid
612,30,2025-07-28,150,paid
613,104,2025-07-28,225,paid
614,183,2025-07-28,3520,paid
615,233,2025-07-28,240,paid
616,243,2025-07-28,720,paid
617,9,2025-07-29,1240,paid
618,26,2025-07-29,1360,paid
619,210,2025-07-29,330,paid
620,247,2025-07-29,225,paid
621,129,2025-07-30,3720,paid
622,235,2025-07-30,3920,paid
623,256,2025-07-30,225,paid
624,259,2025-07-30,75,paid
625,265,2025-07-30,90,paid
626,76,2025-08-01,330,paid
627,122,2025-08-01,600,paid
628,200,2025-08-01,27270,paid
629,234,2025-08-01,11610,paid
630,246,2025-08-03,225,void
631,164,2025-08-04,1840,paid
632,42,2025-08-05,20700,paid
633,84,2025-08-05,9450,paid
634,100,2025-08-06,165,paid
635,228,2025-08-06,240,paid
636,173,2025-08-07,225,paid
637,4,2025-08-08,15750,paid
638,43,2025-08-08,3040,paid
639,60,2025-08-08,27360,paid
640,159,2025-08-08,3400,paid
641,180,2025-08-08,2480,paid
642,197,2025-08-08,3680,paid
643,126,2025-08-09,35100,paid
644,167,2025-08-09,270,paid
645,260,2025-08-09,195,paid
646,80,2025-08-10,45,paid
647,6,2025-08-11,345,paid
648,263,2025-08-11,1920,paid
649,36,2025-08-12,300,paid
650,157,2025-08-12,360,paid
651,229,2025-08-12,150,paid
652,52,2025-08-13,640,paid
653,193,2025-08-13,75,paid
654,242,2025-08-13,375,paid
655,14,2025-08-14,345,paid
656,67,2025-08-14,3920,paid
657,144,2025-08-14,35820,paid
658,236,2025-08-14,225,paid
659,115,2025-08-15,195,paid
660,225,2025-08-15,16560,paid
661,18,2025-08-16,195,paid
662,61,2025-08-16,120,paid
663,97,2025-08-16,25020,paid
664,123,2025-08-16,680,paid
665,239,2025-08-16,90,paid
666,37,2025-08-17,3200,paid
667,91,2025-08-17,2920,paid
668,175,2025-08-17,20880,paid
669,15,2025-08-18,150,paid
670,83,2025-08-18,180,paid
671,221,2025-08-18,680,paid
672,258,2025-08-18,18990,paid
673,269,2025-08-18,3600,paid
674,203,2025-08-20,2400,paid
675,241,2025-08-20,3200,paid
676,39,2025-08-21,195,paid
677,94,2025-08-21,1320,paid
678,108,2025-08-21,255,paid
679,214,2025-08-21,800,paid
680,88,2025-08-22,180,paid
681,95,2025-08-22,3280,paid
682,147,2025-08-22,3240,paid
683,152,2025-08-22,680,paid
684,199,2025-08-22,15930,paid
685,244,2025-08-22,270,paid
686,251,2025-08-22,2200,void
687,10,2025-08-23,3280,paid
688,161,2025-08-23,135,paid
689,187,2025-08-23,3840,paid
690,120,2025-08-24,1960,paid
691,153,2025-08-24,1080,paid
692,105,2025-08-25,19710,paid
693,132,2025-08-25,26730,void
694,181,2025-08-25,375,paid
695,12,2025-08-26,135,paid
696,141,2025-08-26,1080,paid
697,248,2025-08-26,24660,paid
698,249,2025-08-26,2240,paid
699,78,2025-08-27,15750,paid
700,5,2025-08-28,18450,paid
701,30,2025-08-28,150,paid
702,104,2025-08-28,225,paid
703,183,2025-08-28,3520,paid
704,233,2025-08-28,240,paid
705,243,2025-08-28,720,paid
706,9,2025-08-29,1240,paid
707,26,2025-08-29,1360,paid
708,210,2025-08-29,330,paid
709,247,2025-08-29,225,paid
710,129,2025-08-30,3720,paid
711,235,2025-08-30,3920,paid
712,256,2025-08-30,225,paid
713,259,2025-08-30,75,paid
714,265,2025-08-30,90,paid
715,76,2025-09-01,330,paid
716,122,2025-09-01,600,paid
717,200,2025-09-01,27270,paid
718,234,2025-09-01,11610,paid
719,64,2025-09-02,1360,paid
720,139,2025-09-02,640,paid
721,140,2025-09-02,150,paid
722,63,2025-09-03,3880,paid
723,77,2025-09-03,3800,paid
724,246,2025-09-03,225,paid
725,164,2025-09-04,1840,paid
726,42,2025-09-05,20700,paid
727,84,2025-09-05,9450,paid
728,100,2025-09-06,165,paid
729,228,2025-09-06,240,paid
730,173,2025-09-07,225,paid
731,238,2025-09-07,2040,paid
732,4,2025-09-08,15750,paid
733,43,2025-09-08,3040,paid
734,60,2025-09-08,27360,paid
735,159,2025-09-08,3400,paid
736,180,2025-09-08,2480,paid
737,197,2025-09-08,3680,paid
738,230,2025-09-08,2720,paid
739,126,2025-09-09,35100,paid
740,167,2025-09-09,270,paid
741,260,2025-09-09,195,paid
742,80,2025-09-10,45,paid
743,6,2025-09-11,345,paid
744,263,2025-09-11,1920,paid
745,36,2025-09-12,300,void
746,157,2025-09-12,360,overdue
747,224,2025-09-12,75,paid
748,52,2025-09-13,640,paid
749,193,2025-09-13,75,paid
750,242,2025-09-13,375,paid
751,14,2025-09-14,345,paid
752,67,2025-09-14,3920,paid
753,144,2025-09-14,35820,paid
754,236,2025-09-14,225,paid
755,115,2025-09-15,195,paid
756,225,2025-09-15,16560,paid
757,18,2025-09-16,195,paid
758,61,2025-09-16,120,paid
759,97,2025-09-16,25020,paid
760,123,2025-09-16,680,paid
761,239,2025-09-16,90,paid
762,37,2025-09-17,3200,paid
763,91,2025-09-17,2920,paid
764,175,2025-09-17,20880,paid
765,15,2025-09-18,150,void
766,83,2025-09-18,180,paid
767,221,2025-09-18,680,paid
768,258,2025-09-18,18990,paid
769,269,2025-09-18,3600,paid
770,203,2025-09-20,2400,paid
771,241,2025-09-20,3200,paid
772,39,2025-09-21,195,paid
773,94,2025-09-21,1320,paid
774,108,2025-09-21,255,paid
775,214,2025-09-21,800,paid
776,88,2025-09-22,180,overdue
777,95,2025-09-22,3280,paid
778,147,2025-09-22,3240,overdue
779,152,2025-09-22,680,paid
780,199,2025-09-22,15930,paid
781,244,2025-09-22,270,paid
782,251,2025-09-22,2200,paid
783,10,2025-09-23,3280,paid
784,133,2025-09-23,3120,paid
785,161,2025-09-23,135,paid
786,187,2025-09-23,3840,paid
787,120,2025-09-24,1960,paid
788,125,2025-09-24,120,paid
789,153,2025-09-24,1080,paid
790,105,2025-09-25,19710,paid
791,132,2025-09-25,26730,paid
792,181,2025-09-25,375,paid
793,12,2025-09-26,135,paid
794,141,2025-09-26,1080,paid
795,248,2025-09-26,24660,overdue
796,249,2025-09-26,2240,paid
797,78,2025-09-27,15750,paid
798,5,2025-09-28,18450,paid
799,30,2025-09-28,150,paid
800,104,2025-09-28,225,paid
801,183,2025-09-28,3520,paid
802,233,2025-09-28,240,paid
803,243,2025-09-28,720,paid
804,9,2025-09-29,1240,paid
805,26,2025-09-29,1360,paid
806,210,2025-09-29,330,paid
807,247,2025-09-29,225,paid
808,129,2025-09-30,3720,paid
809,235,2025-09-30,3920,paid
810,256,2025-09-30,225,paid
811,259,2025-09-30,75,paid
812,265,2025-09-30,90,paid
813,122,2025-10-01,600,paid
814,194,2025-10-01,840,paid
815,200,2025-10-01,27270,paid
816,234,2025-10-01,11610,paid
817,64,2025-10-02,1360,paid
818,139,2025-10-02,640,paid
819,140,2025-10-02,150,paid
820,63,2025-10-03,3880,paid
821,77,2025-10-03,3800,paid
822,246,2025-10-03,225,paid
823,164,2025-10-04,1840,paid
824,42,2025-10-05,20700,paid
825,84,2025-10-05,9450,paid
826,99,2025-10-06,150,paid
827,100,2025-10-06,165,paid
828,160,2025-10-06,195,paid
829,173,2025-10-07,225,paid
830,238,2025-10-07,2040,paid
831,4,2025-10-08,15750,paid
832,43,2025-10-08,3040,paid
833,60,2025-10-08,27360,paid
834,159,2025-10-08,3400,paid
835,180,2025-10-08,2480,paid
836,197,2025-10-08,3680,paid
837,230,2025-10-08,2720,paid
838,126,2025-10-09,35100,paid
839,167,2025-10-09,270,paid
840,260,2025-10-09,195,paid
841,80,2025-10-10,45,paid
842,6,2025-10-11,345,paid
843,263,2025-10-11,1920,paid
844,36,2025-10-12,300,paid
845,66,2025-10-12,19080,paid
846,157,2025-10-12,360,paid
847,224,2025-10-12,75,paid
848,52,2025-10-13,640,paid
849,193,2025-10-13,75,paid
850,242,2025-10-13,375,paid
851,14,2025-10-14,345,paid
852,67,2025-10-14,3920,paid
853,72,2025-10-14,180,paid
854,144,2025-10-14,35820,paid
855,236,2025-10-14,225,paid
856,115,2025-10-15,195,paid
857,225,2025-10-15,16560,paid
858,18,2025-10-16,195,paid
859,61,2025-10-16,120,paid
860,97,2025-10-16,25020,paid
861,123,2025-10-16,680,paid
862,239,2025-10-16,90,paid
863,37,2025-10-17,3200,paid
864,91,2025-10-17,2920,paid
865,175,2025-10-17,20880,paid
866,15,2025-10-18,150,paid
867,83,2025-10-18,180,paid
868,221,2025-10-18,680,paid
869,258,2025-10-18,18990,paid
870,269,2025-10-18,3600,paid
871,203,2025-10-20,2400,paid
872,219,2025-10-20,165,paid
873,241,2025-10-20,3200,paid
874,39,2025-10-21,195,paid
875,94,2025-10-21,1320,paid
876,108,2025-10-21,255,paid
877,214,2025-10-21,800,paid
878,88,2025-10-22,180,paid
879,95,2025-10-22,3280,paid
880,147,2025-10-22,3240,paid
881,152,2025-10-22,680,paid
882,199,2025-10-22,15930,paid
883,244,2025-10-22,270,paid
884,251,2025-10-22,2200,paid
885,10,2025-10-23,3280,paid
886,16,2025-10-23,75,paid
887,133,2025-10-23,3120,paid
888,161,2025-10-23,135,paid
889,187,2025-10-23,3840,paid
890,120,2025-10-24,1960,paid
891,125,2025-10-24,120,paid
892,153,2025-10-24,1080,paid
893,188,2025-10-24,90,paid
894,261,2025-10-24,2160,paid
895,105,2025-10-25,19710,paid
896,132,2025-10-25,26730,paid
897,12,2025-10-26,135,paid
898,141,2025-10-26,1080,paid
899,248,2025-10-26,24660,paid
900,249,2025-10-26,2240,paid
901,78,2025-10-27,15750,paid
902,5,2025-10-28,18450,paid
903,30,2025-10-28,150,paid
904,104,2025-10-28,225,paid
905,183,2025-10-28,3520,paid
906,233,2025-10-28,240,paid
907,243,2025-10-28,720,paid
908,9,2025-10-29,1240,paid
909,26,2025-10-29,1360,paid
910,210,2025-10-29,330,paid
911,247,2025-10-29,225,paid
912,129,2025-10-30,3720,paid
913,235,2025-10-30,3920,paid
914,256,2025-10-30,225,paid
915,259,2025-10-30,75,paid
916,265,2025-10-30,90,paid
917,122,2025-11-01,600,paid
918,194,2025-11-01,840,void
919,200,2025-11-01,27270,paid
920,234,2025-11-01,11610,paid
921,64,2025-11-02,1360,paid
922,121,2025-11-02,15390,paid
923,139,2025-11-02,640,paid
924,140,2025-11-02,150,paid
925,63,2025-11-03,3880,paid
926,77,2025-11-03,3800,paid
927,246,2025-11-03,225,paid
928,164,2025-11-04,1840,paid
929,42,2025-11-05,20700,paid
930,84,2025-11-05,9450,paid
931,99,2025-11-06,150,paid
932,100,2025-11-06,165,paid
933,160,2025-11-06,195,paid
934,173,2025-11-07,225,paid
935,238,2025-11-07,2040,paid
936,4,2025-11-08,15750,paid
937,43,2025-11-08,3040,paid
938,60,2025-11-08,27360,paid
939,159,2025-11-08,3400,paid
940,180,2025-11-08,2480,paid
941,197,2025-11-08,3680,paid
942,230,2025-11-08,2720,paid
943,126,2025-11-09,35100,void
944,167,2025-11-09,270,void
945,80,2025-11-10,45,paid
946,6,2025-11-11,345,paid
947,263,2025-11-11,1920,paid
948,36,2025-11-12,300,paid
949,66,2025-11-12,19080,paid
950,157,2025-11-12,360,paid
951,224,2025-11-12,75,paid
952,52,2025-11-13,640,paid
953,193,2025-11-13,75,paid
954,242,2025-11-13,375,void
955,14,2025-11-14,345,paid
956,67,2025-11-14,3920,paid
957,68,2025-11-14,31140,paid
958,72,2025-11-14,180,paid
959,144,2025-11-14,35820,paid
960,236,2025-11-14,225,paid
961,115,2025-11-15,195,paid
962,225,2025-11-15,16560,paid
963,18,2025-11-16,195,paid
964,61,2025-11-16,120,paid
965,97,2025-11-16,25020,paid
966,123,2025-11-16,680,paid
967,239,2025-11-16,90,paid
968,37,2025-11-17,3200,paid
969,91,2025-11-17,2920,paid
970,175,2025-11-17,20880,paid
971,15,2025-11-18,150,paid
972,83,2025-11-18,180,paid
973,221,2025-11-18,680,paid
974,258,2025-11-18,18990,paid
975,269,2025-11-18,3600,paid
976,154,2025-11-20,35190,paid
977,203,2025-11-20,2400,paid
978,219,2025-11-20,165,overdue
979,241,2025-11-20,3200,paid
980,39,2025-11-21,195,paid
981,94,2025-11-21,1320,paid
982,108,2025-11-21,255,paid
983,214,2025-11-21,800,paid
984,88,2025-11-22,180,paid
985,95,2025-11-22,3280,paid
986,147,2025-11-22,3240,paid
987,152,2025-11-22,680,paid
988,190,2025-11-22,210,paid
989,199,2025-11-22,15930,paid
990,244,2025-11-22,270,paid
991,251,2025-11-22,2200,void
992,10,2025-11-23,3280,paid
993,16,2025-11-23,75,paid
994,133,2025-11-23,3120,paid
995,161,2025-11-23,135,paid
996,187,2025-11-23,3840,paid
997,125,2025-11-24,120,void
998,188,2025-11-24,90,paid
999,227,2025-11-24,270,void
1000,261,2025-11-24,2160,paid
1001,105,2025-11-25,19710,paid
1002,132,2025-11-25,26730,paid
1003,226,2025-11-25,225,paid
1004,12,2025-11-26,135,paid
1005,141,2025-11-26,1080,paid
1006,158,2025-11-26,1360,paid
1007,248,2025-11-26,24660,paid
1008,249,2025-11-26,2240,paid
1009,78,2025-11-27,15750,paid
1010,5,2025-11-28,18450,paid
1011,30,2025-11-28,150,paid
1012,104,2025-11-28,225,paid
1013,145,2025-11-28,2480,paid
1014,183,2025-11-28,3520,paid
1015,233,2025-11-28,240,paid
1016,243,2025-11-28,720,paid
1017,9,2025-11-29,1240,paid
1018,26,2025-11-29,1360,paid
1019,210,2025-11-29,330,paid
1020,247,2025-11-29,225,paid
1021,69,2025-11-30,18000,paid
1022,129,2025-11-30,3720,paid
1023,235,2025-11-30,3920,paid
1024,256,2025-11-30,225,paid
1025,259,2025-11-30,75,paid
1026,265,2025-11-30,90,paid
1027,122,2025-12-01,600,paid
1028,151,2025-12-01,150,paid
1029,194,2025-12-01,840,paid
1030,200,2025-12-01,27270,paid
1031,234,2025-12-01,11610,paid
1032,64,2025-12-02,1360,paid
1033,121,2025-12-02,15390,paid
1034,139,2025-12-02,640,paid
1035,140,2025-12-02,150,paid
1036,44,2025-12-03,2040,paid
1037,63,2025-12-03,3880,paid
1038,77,2025-12-03,3800,paid
1039,128,2025-12-03,75,paid
1040,171,2025-12-03,315,paid
1041,178,2025-12-03,300,paid
1042,246,2025-12-03,225,paid
1043,164,2025-12-04,1840,paid
1044,1,2025-12-05,105,paid
1045,42,2025-12-05,20700,overdue
1046,84,2025-12-05,9450,paid
1047,99,2025-12-06,150,paid
1048,100,2025-12-06,165,paid
1049,116,2025-12-06,3360,paid
1050,160,2025-12-06,195,paid
1051,173,2025-12-07,225,paid
1052,238,2025-12-07,2040,paid
1053,4,2025-12-08,15750,paid
1054,43,2025-12-08,3040,paid
1055,60,2025-12-08,27360,paid
1056,159,2025-12-08,3400,void
1057,180,2025-12-08,2480,paid
1058,197,2025-12-08,3680,paid
1059,230,2025-12-08,2720,paid
1060,109,2025-12-09,300,paid
1061,126,2025-12-09,35100,paid
1062,167,2025-12-09,270,paid
1063,80,2025-12-10,45,paid
1064,117,2025-12-10,285,paid
1065,6,2025-12-11,345,paid
1066,263,2025-12-11,1920,paid
1067,36,2025-12-12,300,paid
1068,66,2025-12-12,19080,paid
1069,224,2025-12-12,75,paid
1070,52,2025-12-13,640,paid
1071,193,2025-12-13,75,paid
1072,14,2025-12-14,345,paid
1073,68,2025-12-14,31140,paid
1074,72,2025-12-14,180,paid
1075,144,2025-12-14,35820,paid
1076,236,2025-12-14,225,paid
1077,225,2025-12-15,16560,paid
1078,18,2025-12-16,195,paid
1079,19,2025-12-16,2160,paid
1080,61,2025-12-16,120,paid
1081,97,2025-12-16,25020,paid
1082,123,2025-12-16,680,paid
1083,239,2025-12-16,90,paid
1084,37,2025-12-17,3200,paid
1085,91,2025-12-17,2920,paid
1086,175,2025-12-17,20880,paid
1087,15,2025-12-18,150,paid
1088,83,2025-12-18,180,paid
1089,106,2025-12-18,1880,paid
1090,221,2025-12-18,680,paid
1091,258,2025-12-18,18990,paid
1092,269,2025-12-18,3600,paid
1093,207,2025-12-19,3920,paid
1094,154,2025-12-20,35190,paid
1095,203,2025-12-20,2400,paid
1096,219,2025-12-20,165,paid
1097,241,2025-12-20,3200,paid
1098,39,2025-12-21,195,paid
1099,94,2025-12-21,1320,paid
1100,108,2025-12-21,255,paid
1101,214,2025-12-21,800,paid
1102,88,2025-12-22,180,paid
1103,95,2025-12-22,3280,paid
1104,147,2025-12-22,3240,paid
1105,152,2025-12-22,680,paid
1106,190,2025-12-22,210,paid
1107,199,2025-12-22,15930,paid
1108,251,2025-12-22,2200,paid
1109,10,2025-12-23,3280,paid
1110,16,2025-12-23,75,paid
1111,133,2025-12-23,3120,paid
1112,161,2025-12-23,135,paid
1113,187,2025-12-23,3840,paid
1114,125,2025-12-24,120,paid
1115,188,2025-12-24,90,paid
1116,227,2025-12-24,270,paid
1117,261,2025-12-24,2160,paid
1118,28,2025-12-25,180,paid
1119,105,2025-12-25,19710,paid
1120,132,2025-12-25,26730,paid
1121,226,2025-12-25,225,paid
1122,12,2025-12-26,135,paid
1123,103,2025-12-26,255,paid
1124,141,2025-12-26,1080,paid
1125,158,2025-12-26,1360,paid
1126,248,2025-12-26,24660,paid
1127,249,2025-12-26,2240,paid
1128,78,2025-12-27,15750,paid
1129,5,2025-12-28,18450,paid
1130,104,2025-12-28,225,paid
1131,145,2025-12-28,2480,paid
1132,183,2025-12-28,3520,paid
1133,196,2025-12-28,3960,paid
1134,233,2025-12-28,240,paid
1135,243,2025-12-28,720,paid
1136,9,2025-12-29,1240,paid
1137,26,2025-12-29,1360,paid
1138,210,2025-12-29,330,paid
1139,247,2025-12-29,225,paid
1140,69,2025-12-30,18000,paid
1141,129,2025-12-30,3720,paid
1142,256,2025-12-30,225,paid
1143,265,2025-12-30,90,paid
1144,255,2025-12-31,3240,paid
1145,32,2026-01-01,2800,paid
1146,122,2026-01-01,600,paid
1147,151,2026-01-01,150,paid
1148,194,2026-01-01,840,overdue
1149,200,2026-01-01,27270,paid
1150,234,2026-01-01,11610,paid
1151,64,2026-01-02,1360,paid
1152,121,2026-01-02,15390,paid
1153,140,2026-01-02,150,paid
1154,215,2026-01-02,8730,paid
1155,44,2026-01-03,2040,paid
1156,63,2026-01-03,3880,paid
1157,77,2026-01-03,3800,paid
1158,128,2026-01-03,75,overdue
1159,171,2026-01-03,315,paid
1160,178,2026-01-03,300,void
1161,246,2026-01-03,225,paid
1162,40,2026-01-04,1400,paid
1163,164,2026-01-04,1840,paid
1164,1,2026-01-05,105,paid
1165,42,2026-01-05,20700,paid
1166,84,2026-01-05,9450,paid
1167,99,2026-01-06,150,paid
1168,100,2026-01-06,165,paid
1169,116,2026-01-06,3360,paid
1170,160,2026-01-06,195,paid
1171,173,2026-01-07,225,paid
1172,238,2026-01-07,2040,paid
1173,4,2026-01-08,15750,paid
1174,43,2026-01-08,3040,paid
1175,60,2026-01-08,27360,paid
1176,111,2026-01-08,800,overdue
1177,159,2026-01-08,3400,paid
1178,180,2026-01-08,2480,paid
1179,197,2026-01-08,3680,paid
1180,230,2026-01-08,2720,paid
1181,109,2026-01-09,300,paid
1182,110,2026-01-09,1480,paid
1183,126,2026-01-09,35100,paid
1184,130,2026-01-09,23490,paid
1185,167,2026-01-09,270,paid
1186,213,2026-01-09,225,paid
1187,80,2026-01-10,45,paid
1188,117,2026-01-10,285,paid
1189,6,2026-01-11,345,paid
1190,263,2026-01-11,1920,paid
1191,36,2026-01-12,300,paid
1192,66,2026-01-12,19080,paid
1193,82,2026-01-12,27270,paid
1194,224,2026-01-12,75,paid
1195,52,2026-01-13,640,paid
1196,193,2026-01-13,75,paid
1197,14,2026-01-14,345,paid
1198,68,2026-01-14,31140,paid
1199,72,2026-01-14,180,paid
1200,144,2026-01-14,35820,paid
1201,236,2026-01-14,225,paid
1202,225,2026-01-15,16560,paid
1203,19,2026-01-16,2160,paid
1204,61,2026-01-16,120,paid
1205,97,2026-01-16,25020,paid
1206,123,2026-01-16,680,paid
1207,135,2026-01-16,135,paid
1208,239,2026-01-16,90,paid
1209,20,2026-01-17,11340,paid
1210,37,2026-01-17,3200,paid
1211,91,2026-01-17,2920,paid
1212,175,2026-01-17,20880,paid
1213,15,2026-01-18,150,paid
1214,83,2026-01-18,180,paid
1215,106,2026-01-18,1880,paid
1216,205,2026-01-18,2360,paid
1217,221,2026-01-18,680,paid
1218,258,2026-01-18,18990,paid
1219,269,2026-01-18,3600,paid
1220,207,2026-01-19,3920,paid
1221,154,2026-01-20,35190,paid
1222,203,2026-01-20,2400,paid
1223,219,2026-01-20,165,paid
1224,241,2026-01-20,3200,paid
1225,85,2026-01-21,60,paid
1226,94,2026-01-21,1320,paid
1227,108,2026-01-21,255,paid
1228,88,2026-01-22,180,paid
1229,95,2026-01-22,3280,overdue
1230,147,2026-01-22,3240,paid
1231,152,2026-01-22,680,paid
1232,190,2026-01-22,210,paid
1233,199,2026-01-22,15930,paid
1234,251,2026-01-22,2200,paid
1235,8,2026-01-23,2960,paid
1236,10,2026-01-23,3280,paid
1237,16,2026-01-23,75,paid
1238,124,2026-01-23,6840,paid
1239,133,2026-01-23,3120,paid
1240,161,2026-01-23,135,paid
1241,187,2026-01-23,3840,paid
1242,125,2026-01-24,120,paid
1243,188,2026-01-24,90,paid
1244,227,2026-01-24,270,paid
1245,261,2026-01-24,2160,paid
1246,28,2026-01-25,180,paid
1247,105,2026-01-25,19710,paid
1248,132,2026-01-25,26730,paid
1249,226,2026-01-25,225,paid
1250,12,2026-01-26,135,paid
1251,21,2026-01-26,920,paid
1252,103,2026-01-26,255,paid
1253,141,2026-01-26,1080,paid
1254,158,2026-01-26,1360,paid
1255,248,2026-01-26,24660,paid
1256,249,2026-01-26,2240,paid
1257,78,2026-01-27,15750,paid
1258,5,2026-01-28,18450,paid
1259,104,2026-01-28,225,paid
1260,145,2026-01-28,2480,paid
1261,183,2026-01-28,3520,paid
1262,196,2026-01-28,3960,paid
1263,233,2026-01-28,240,paid
1264,243,2026-01-28,720,paid
1265,9,2026-01-29,1240,void
1266,26,2026-01-29,1360,paid
1267,210,2026-01-29,330,paid
1268,247,2026-01-29,225,paid
1269,69,2026-01-30,18000,paid
1270,256,2026-01-30,225,paid
1271,265,2026-01-30,90,paid
1272,255,2026-01-31,3240,paid
1273,32,2026-02-01,2800,paid
1274,122,2026-02-01,600,paid
1275,151,2026-02-01,150,paid
1276,194,2026-02-01,840,paid
1277,200,2026-02-01,27270,paid
1278,234,2026-02-01,11610,paid
1279,64,2026-02-02,1360,paid
1280,121,2026-02-02,15390,paid
1281,140,2026-02-02,150,void
1282,215,2026-02-02,8730,paid
1283,44,2026-02-03,2040,paid
1284,63,2026-02-03,3880,paid
1285,77,2026-02-03,3800,paid
1286,128,2026-02-03,75,paid
1287,171,2026-02-03,315,paid
1288,178,2026-02-03,300,paid
1289,40,2026-02-04,1400,paid
1290,164,2026-02-04,1840,paid
1291,1,2026-02-05,105,paid
1292,42,2026-02-05,20700,paid
1293,84,2026-02-05,9450,paid
1294,99,2026-02-06,150,paid
1295,100,2026-02-06,165,paid
1296,116,2026-02-06,3360,paid
1297,160,2026-02-06,195,paid
1298,169,2026-02-07,60,paid
1299,173,2026-02-07,225,paid
1300,238,2026-02-07,2040,paid
1301,4,2026-02-08,15750,paid
1302,43,2026-02-08,3040,paid
1303,60,2026-02-08,27360,paid
1304,75,2026-02-08,1760,paid
1305,111,2026-02-08,800,paid
1306,159,2026-02-08,3400,paid
1307,180,2026-02-08,2480,paid
1308,197,2026-02-08,3680,paid
1309,198,2026-02-08,9720,paid
1310,230,2026-02-08,2720,paid
1311,109,2026-02-09,300,paid
1312,110,2026-02-09,1480,paid
1313,126,2026-02-09,35100,paid
1314,130,2026-02-09,23490,paid
1315,167,2026-02-09,270,paid
1316,213,2026-02-09,225,paid
1317,57,2026-02-10,3520,paid
1318,80,2026-02-10,45,paid
1319,117,2026-02-10,285,paid
1320,223,2026-02-10,2360,paid
1321,6,2026-02-11,345,paid
1322,165,2026-02-11,19530,paid
1323,263,2026-02-11,1920,paid
1324,24,2026-02-12,24660,paid
1325,36,2026-02-12,300,paid
1326,66,2026-02-12,19080,paid
1327,82,2026-02-12,27270,paid
1328,224,2026-02-12,75,paid
1329,52,2026-02-13,640,paid
1330,193,2026-02-13,75,paid
1331,14,2026-02-14,345,paid
1332,53,2026-02-14,12150,paid
1333,68,2026-02-14,31140,paid
1334,72,2026-02-14,180,paid
1335,144,2026-02-14,35820,paid
1336,236,2026-02-14,225,paid
1337,225,2026-02-15,16560,paid
1338,19,2026-02-16,2160,paid
1339,61,2026-02-16,120,paid
1340,97,2026-02-16,25020,paid
1341,135,2026-02-16,135,paid
1342,179,2026-02-16,760,paid
1343,239,2026-02-16,90,paid
1344,20,2026-02-17,11340,paid
1345,37,2026-02-17,3200,paid
1346,91,2026-02-17,2920,paid
1347,175,2026-02-17,20880,paid
1348,15,2026-02-18,150,paid
1349,83,2026-02-18,180,paid
1350,106,2026-02-18,1880,paid
1351,205,2026-02-18,2360,paid
1352,221,2026-02-18,680,paid
1353,258,2026-02-18,18990,paid
1354,269,2026-02-18,3600,paid
1355,207,2026-02-19,3920,paid
1356,23,2026-02-20,90,paid
1357,113,2026-02-20,10530,paid
1358,154,2026-02-20,35190,paid
1359,203,2026-02-20,2400,paid
1360,241,2026-02-20,3200,paid
1361,7,2026-02-21,3520,paid
1362,85,2026-02-21,60,paid
1363,108,2026-02-21,255,paid
1364,119,2026-02-21,315,paid
1365,88,2026-02-22,180,paid
1366,95,2026-02-22,3280,paid
1367,147,2026-02-22,3240,paid
1368,152,2026-02-22,680,paid
1369,190,2026-02-22,210,paid
1370,199,2026-02-22,15930,paid
1371,251,2026-02-22,2200,paid
1372,8,2026-02-23,2960,paid
1373,10,2026-02-23,3280,paid
1374,16,2026-02-23,75,paid
1375,124,2026-02-23,6840,paid
1376,133,2026-02-23,3120,paid
1377,161,2026-02-23,135,paid
1378,174,2026-02-23,3720,paid
1379,187,2026-02-23,3840,paid
1380,125,2026-02-24,120,paid
1381,188,2026-02-24,90,paid
1382,227,2026-02-24,270,paid
1383,261,2026-02-24,2160,paid
1384,28,2026-02-25,180,paid
1385,65,2026-02-25,15750,paid
1386,105,2026-02-25,19710,paid
1387,132,2026-02-25,26730,paid
1388,226,2026-02-25,225,paid
1389,12,2026-02-26,135,paid
1390,21,2026-02-26,920,paid
1391,103,2026-02-26,255,paid
1392,141,2026-02-26,1080,paid
1393,158,2026-02-26,1360,paid
1394,248,2026-02-26,24660,paid
1395,249,2026-02-26,2240,paid
1396,78,2026-02-27,15750,paid
1397,5,2026-02-28,18450,paid
1398,9,2026-02-28,1240,paid
1399,26,2026-02-28,1360,paid
1400,51,2026-02-28,345,overdue
1401,69,2026-02-28,18000,paid
1402,104,2026-02-28,225,paid
1403,145,2026-02-28,2480,paid
1404,183,2026-02-28,3520,paid
1405,196,2026-02-28,3960,paid
1406,210,2026-02-28,330,paid
1407,233,2026-02-28,240,paid
1408,243,2026-02-28,720,overdue
1409,247,2026-02-28,225,paid
1410,255,2026-02-28,3240,paid
1411,256,2026-02-28,225,paid
1412,265,2026-02-28,90,paid
1413,32,2026-03-01,2800,paid
1414,122,2026-03-01,600,paid
1415,151,2026-03-01,150,paid
1416,168,2026-03-01,2280,paid
1417,194,2026-03-01,840,paid
1418,200,2026-03-01,27270,paid
1419,234,2026-03-01,11610,paid
1420,50,2026-03-02,3920,paid
1421,121,2026-03-02,15390,paid
1422,140,2026-03-02,150,paid
1423,215,2026-03-02,8730,paid
1424,267,2026-03-02,120,paid
1425,44,2026-03-03,2040,paid
1426,63,2026-03-03,3880,paid
1427,77,2026-03-03,3800,paid
1428,87,2026-03-03,23670,paid
1429,128,2026-03-03,75,paid
1430,171,2026-03-03,315,paid
1431,178,2026-03-03,300,paid
1432,40,2026-03-04,1400,paid
1433,1,2026-03-05,105,paid
1434,42,2026-03-05,20700,paid
1435,84,2026-03-05,9450,paid
1436,131,2026-03-05,1520,paid
1437,99,2026-03-06,150,paid
1438,100,2026-03-06,165,paid
1439,116,2026-03-06,3360,paid
1440,149,2026-03-06,240,paid
1441,160,2026-03-06,195,overdue
1442,34,2026-03-07,2440,paid
1443,169,2026-03-07,60,paid
1444,238,2026-03-07,2040,paid
1445,4,2026-03-08,15750,overdue
1446,43,2026-03-08,3040,paid
1447,58,2026-03-08,680,paid
1448,60,2026-03-08,27360,paid
1449,75,2026-03-08,1760,paid
1450,111,2026-03-08,800,paid
1451,159,2026-03-08,3400,paid
1452,180,2026-03-08,2480,paid
1453,197,2026-03-08,3680,paid
1454,198,2026-03-08,9720,paid
1455,230,2026-03-08,2720,paid
1456,109,2026-03-09,300,paid
1457,110,2026-03-09,1480,paid
1458,126,2026-03-09,35100,paid
1459,130,2026-03-09,23490,paid
1460,213,2026-03-09,225,paid
1461,57,2026-03-10,3520,paid
1462,80,2026-03-10,45,paid
1463,117,2026-03-10,285,paid
1464,223,2026-03-10,2360,paid
1465,148,2026-03-11,22950,paid
1466,165,2026-03-11,19530,paid
1467,263,2026-03-11,1920,paid
1468,266,2026-03-11,3040,paid
1469,24,2026-03-12,24660,paid
1470,66,2026-03-12,19080,paid
1471,82,2026-03-12,27270,paid
1472,224,2026-03-12,75,paid
1473,193,2026-03-13,75,paid
1474,14,2026-03-14,345,paid
1475,53,2026-03-14,12150,paid
1476,68,2026-03-14,31140,paid
1477,72,2026-03-14,180,paid
1478,144,2026-03-14,35820,paid
1479,236,2026-03-14,225,paid
1480,225,2026-03-15,16560,paid
1481,232,2026-03-15,330,paid
1482,19,2026-03-16,2160,void
1483,61,2026-03-16,120,paid
1484,97,2026-03-16,25020,paid
1485,135,2026-03-16,135,paid
1486,179,2026-03-16,760,overdue
1487,239,2026-03-16,90,paid
1488,20,2026-03-17,11340,paid
1489,37,2026-03-17,3200,paid
1490,47,2026-03-17,3000,paid
1491,91,2026-03-17,2920,paid
1492,93,2026-03-17,90,paid
1493,175,2026-03-17,20880,paid
1494,15,2026-03-18,150,paid
1495,83,2026-03-18,180,paid
1496,106,2026-03-18,1880,paid
1497,205,2026-03-18,2360,paid
1498,217,2026-03-18,225,paid
1499,221,2026-03-18,680,paid
1500,258,2026-03-18,18990,paid
1501,269,2026-03-18,3600,paid
1502,55,2026-03-19,255,paid
1503,207,2026-03-19,3920,paid
1504,23,2026-03-20,90,paid
1505,113,2026-03-20,10530,paid
1506,154,2026-03-20,35190,paid
1507,203,2026-03-20,2400,paid
1508,241,2026-03-20,3200,paid
1509,7,2026-03-21,3520,paid
1510,85,2026-03-21,60,paid
1511,108,2026-03-21,255,paid
1512,119,2026-03-21,315,paid
1513,88,2026-03-22,180,paid
1514,95,2026-03-22,3280,paid
1515,127,2026-03-22,225,paid
1516,147,2026-03-22,3240,paid
1517,152,2026-03-22,680,paid
1518,190,2026-03-22,210,paid
1519,199,2026-03-22,15930,paid
1520,251,2026-03-22,2200,paid
1521,8,2026-03-23,2960,paid
1522,10,2026-03-23,3280,paid
1523,16,2026-03-23,75,paid
1524,49,2026-03-23,2520,paid
1525,124,2026-03-23,6840,paid
1526,133,2026-03-23,3120,paid
1527,161,2026-03-23,135,paid
1528,174,2026-03-23,3720,paid
1529,187,2026-03-23,3840,paid
1530,211,2026-03-23,880,paid
1531,81,2026-03-24,12600,paid
1532,125,2026-03-24,120,paid
1533,188,2026-03-24,90,paid
1534,227,2026-03-24,270,paid
1535,261,2026-03-24,2160,paid
1536,28,2026-03-25,180,paid
1537,65,2026-03-25,15750,paid
1538,105,2026-03-25,19710,paid
1539,132,2026-03-25,26730,paid
1540,226,2026-03-25,225,paid
1541,12,2026-03-26,135,paid
1542,21,2026-03-26,920,paid
1543,103,2026-03-26,255,paid
1544,141,2026-03-26,1080,paid
1545,158,2026-03-26,1360,paid
1546,248,2026-03-26,24660,paid
1547,249,2026-03-26,2240,paid
1548,78,2026-03-27,15750,paid
1549,5,2026-03-28,18450,paid
1550,51,2026-03-28,345,paid
1551,104,2026-03-28,225,paid
1552,145,2026-03-28,2480,paid
1553,183,2026-03-28,3520,paid
1554,196,2026-03-28,3960,paid
1555,233,2026-03-28,240,paid
1556,243,2026-03-28,720,paid
1557,9,2026-03-29,1240,paid
1558,26,2026-03-29,1360,paid
1559,247,2026-03-29,225,paid
1560,69,2026-03-30,18000,paid
1561,256,2026-03-30,225,paid
1562,70,2026-03-31,2320,paid
1563,163,2026-03-31,4000,paid
1564,255,2026-03-31,3240,paid
1565,32,2026-04-01,2800,paid
1566,122,2026-04-01,600,paid
1567,151,2026-04-01,150,paid
1568,168,2026-04-01,2280,paid
1569,194,2026-04-01,840,paid
1570,200,2026-04-01,27270,paid
1571,234,2026-04-01,11610,paid
1572,50,2026-04-02,3920,paid
1573,121,2026-04-02,15390,paid
1574,140,2026-04-02,150,paid
1575,215,2026-04-02,8730,paid
1576,267,2026-04-02,120,paid
1577,44,2026-04-03,2040,paid
1578,63,2026-04-03,3880,paid
1579,77,2026-04-03,3800,paid
1580,87,2026-04-03,23670,paid
1581,128,2026-04-03,75,paid
1582,171,2026-04-03,315,paid
1583,178,2026-04-03,300,paid
1584,40,2026-04-04,1400,paid
1585,1,2026-04-05,105,paid
1586,42,2026-04-05,20700,paid
1587,84,2026-04-05,9450,paid
1588,131,2026-04-05,1520,paid
1589,99,2026-04-06,150,paid
1590,100,2026-04-06,165,paid
1591,116,2026-04-06,3360,paid
1592,149,2026-04-06,240,paid
1593,160,2026-04-06,195,paid
1594,34,2026-04-07,2440,paid
1595,166,2026-04-07,285,paid
1596,169,2026-04-07,60,paid
1597,238,2026-04-07,2040,paid
1598,4,2026-04-08,15750,paid
1599,43,2026-04-08,3040,paid
1600,58,2026-04-08,680,paid
1601,60,2026-04-08,27360,paid
1602,75,2026-04-08,1760,paid
1603,111,2026-04-08,800,paid
1604,159,2026-04-08,3400,paid
1605,180,2026-04-08,2480,paid
1606,197,2026-04-08,3680,paid
1607,198,2026-04-08,9720,paid
1608,230,2026-04-08,2720,paid
1609,109,2026-04-09,300,paid
1610,110,2026-04-09,1480,paid
1611,126,2026-04-09,35100,paid
1612,130,2026-04-09,23490,paid
1613,213,2026-04-09,225,paid
1614,57,2026-04-10,3520,paid
1615,80,2026-04-10,45,paid
1616,92,2026-04-10,26910,void
1617,96,2026-04-10,34830,paid
1618,117,2026-04-10,285,paid
1619,223,2026-04-10,2360,paid
1620,148,2026-04-11,22950,paid
1621,165,2026-04-11,19530,paid
1622,263,2026-04-11,1920,paid
1623,266,2026-04-11,3040,paid
1624,24,2026-04-12,24660,paid
1625,66,2026-04-12,19080,paid
1626,82,2026-04-12,27270,paid
1627,224,2026-04-12,75,paid
1628,193,2026-04-13,75,paid
1629,14,2026-04-14,345,paid
1630,53,2026-04-14,12150,paid
1631,68,2026-04-14,31140,paid
1632,72,2026-04-14,180,paid
1633,144,2026-04-14,35820,paid
1634,236,2026-04-14,225,paid
1635,142,2026-04-15,31950,paid
1636,225,2026-04-15,16560,paid
1637,232,2026-04-15,330,paid
1638,19,2026-04-16,2160,paid
1639,61,2026-04-16,120,paid
1640,89,2026-04-16,3480,paid
1641,97,2026-04-16,25020,paid
1642,135,2026-04-16,135,paid
1643,179,2026-04-16,760,paid
1644,239,2026-04-16,90,paid
1645,20,2026-04-17,11340,paid
1646,25,2026-04-17,20430,paid
1647,37,2026-04-17,3200,paid
1648,47,2026-04-17,3000,paid
1649,93,2026-04-17,90,paid
1650,15,2026-04-18,150,paid
1651,83,2026-04-18,180,paid
1652,106,2026-04-18,1880,paid
1653,205,2026-04-18,2360,paid
1654,217,2026-04-18,225,paid
1655,221,2026-04-18,680,paid
1656,258,2026-04-18,18990,paid
1657,269,2026-04-18,3600,paid
1658,55,2026-04-19,255,paid
1659,207,2026-04-19,3920,paid
1660,23,2026-04-20,90,paid
1661,113,2026-04-20,10530,paid
1662,154,2026-04-20,35190,paid
1663,203,2026-04-20,2400,paid
1664,241,2026-04-20,3200,paid
1665,7,2026-04-21,3520,paid
1666,85,2026-04-21,60,paid
1667,108,2026-04-21,255,paid
1668,119,2026-04-21,315,paid
1669,146,2026-04-21,34200,paid
1670,172,2026-04-21,1400,paid
1671,118,2026-04-22,3000,paid
1672,127,2026-04-22,225,paid
1673,147,2026-04-22,3240,paid
1674,152,2026-04-22,680,paid
1675,190,2026-04-22,210,paid
1676,199,2026-04-22,15930,paid
1677,251,2026-04-22,2200,void
1678,8,2026-04-23,2960,paid
1679,10,2026-04-23,3280,paid
1680,16,2026-04-23,75,paid
1681,49,2026-04-23,2520,paid
1682,124,2026-04-23,6840,paid
1683,133,2026-04-23,3120,paid
1684,161,2026-04-23,135,paid
1685,174,2026-04-23,3720,paid
1686,187,2026-04-23,3840,paid
1687,211,2026-04-23,880,paid
1688,3,2026-04-24,195,paid
1689,81,2026-04-24,12600,paid
1690,125,2026-04-24,120,paid
1691,188,2026-04-24,90,paid
1692,261,2026-04-24,2160,paid
1693,28,2026-04-25,180,paid
1694,65,2026-04-25,15750,paid
1695,105,2026-04-25,19710,paid
1696,132,2026-04-25,26730,paid
1697,177,2026-04-25,210,paid
1698,226,2026-04-25,225,paid
1699,12,2026-04-26,135,paid
1700,21,2026-04-26,920,paid
1701,103,2026-04-26,255,paid
1702,158,2026-04-26,1360,paid
1703,248,2026-04-26,24660,paid
1704,249,2026-04-26,2240,paid
1705,78,2026-04-27,15750,paid
1706,5,2026-04-28,18450,paid
1707,51,2026-04-28,345,paid
1708,104,2026-04-28,225,overdue
1709,134,2026-04-28,21330,paid
1710,183,2026-04-28,3520,paid
1711,196,2026-04-28,3960,paid
1712,233,2026-04-28,240,paid
1713,243,2026-04-28,720,paid
1714,9,2026-04-29,1240,paid
1715,26,2026-04-29,1360,paid
1716,247,2026-04-29,225,paid
1717,69,2026-04-30,18000,paid
1718,70,2026-04-30,2320,paid
1719,163,2026-04-30,4000,paid
1720,255,2026-04-30,3240,paid
1721,256,2026-04-30,225,paid
1722,122,2026-05-01,600,paid
1723,151,2026-05-01,150,paid
1724,168,2026-05-01,2280,paid
1725,194,2026-05-01,840,overdue
1726,200,2026-05-01,27270,paid
1727,234,2026-05-01,11610,paid
1728,50,2026-05-02,3920,paid
1729,121,2026-05-02,15390,paid
1730,140,2026-05-02,150,paid
1731,215,2026-05-02,8730,paid
1732,267,2026-05-02,120,paid
1733,44,2026-05-03,2040,paid
1734,63,2026-05-03,3880,paid
1735,77,2026-05-03,3800,paid
1736,87,2026-05-03,23670,paid
1737,128,2026-05-03,75,paid
1738,156,2026-05-03,60,void
1739,162,2026-05-03,1640,paid
1740,178,2026-05-03,300,paid
1741,40,2026-05-04,1400,paid
1742,176,2026-05-04,34920,paid
1743,1,2026-05-05,105,paid
1744,42,2026-05-05,20700,paid
1745,84,2026-05-05,9450,paid
1746,131,2026-05-05,1520,paid
1747,62,2026-05-06,2200,paid
1748,100,2026-05-06,165,paid
1749,116,2026-05-06,3360,paid
1750,149,2026-05-06,240,paid
1751,160,2026-05-06,195,paid
1752,34,2026-05-07,2440,paid
1753,166,2026-05-07,285,paid
1754,169,2026-05-07,60,paid
1755,238,2026-05-07,2040,paid
1756,4,2026-05-08,15750,paid
1757,43,2026-05-08,3040,paid
1758,58,2026-05-08,680,paid
1759,60,2026-05-08,27360,paid
1760,75,2026-05-08,1760,paid
1761,111,2026-05-08,800,paid
1762,159,2026-05-08,3400,paid
1763,180,2026-05-08,2480,paid
1764,197,2026-05-08,3680,paid
1765,198,2026-05-08,9720,paid
1766,230,2026-05-08,2720,paid
1767,109,2026-05-09,300,paid
1768,110,2026-05-09,1480,paid
1769,126,2026-05-09,35100,paid
1770,130,2026-05-09,23490,paid
1771,213,2026-05-09,225,paid
1772,57,2026-05-10,3520,paid
1773,80,2026-05-10,45,paid
1774,92,2026-05-10,26910,paid
1775,96,2026-05-10,34830,paid
1776,195,2026-05-10,7920,paid
1777,223,2026-05-10,2360,paid
1778,148,2026-05-11,22950,paid
1779,165,2026-05-11,19530,paid
1780,263,2026-05-11,1920,paid
1781,266,2026-05-11,3040,paid
1782,24,2026-05-12,24660,paid
1783,66,2026-05-12,19080,paid
1784,82,2026-05-12,27270,paid
1785,224,2026-05-12,75,paid
1786,193,2026-05-13,75,paid
1787,204,2026-05-13,16470,overdue
1788,14,2026-05-14,345,paid
1789,53,2026-05-14,12150,void
1790,68,2026-05-14,31140,paid
1791,72,2026-05-14,180,paid
1792,144,2026-05-14,35820,paid
1793,212,2026-05-14,2680,paid
1794,236,2026-05-14,225,paid
1795,73,2026-05-15,3720,paid
1796,142,2026-05-15,31950,paid
1797,225,2026-05-15,16560,paid
1798,232,2026-05-15,330,paid
1799,19,2026-05-16,2160,paid
1800,89,2026-05-16,3480,paid
1801,97,2026-05-16,25020,paid
1802,135,2026-05-16,135,paid
1803,179,2026-05-16,760,paid
1804,239,2026-05-16,90,paid
1805,17,2026-05-17,2840,paid
1806,20,2026-05-17,11340,paid
1807,25,2026-05-17,20430,paid
1808,47,2026-05-17,3000,paid
1809,93,2026-05-17,90,paid
1810,15,2026-05-18,150,paid
1811,83,2026-05-18,180,paid
1812,106,2026-05-18,1880,paid
1813,205,2026-05-18,2360,paid
1814,217,2026-05-18,225,paid
1815,221,2026-05-18,680,paid
1816,258,2026-05-18,18990,paid
1817,269,2026-05-18,3600,paid
1818,55,2026-05-19,255,paid
1819,207,2026-05-19,3920,paid
1820,23,2026-05-20,90,paid
1821,113,2026-05-20,10530,paid
1822,154,2026-05-20,35190,paid
1823,241,2026-05-20,3200,paid
1824,7,2026-05-21,3520,paid
1825,85,2026-05-21,60,paid
1826,108,2026-05-21,255,paid
1827,119,2026-05-21,315,paid
1828,146,2026-05-21,34200,paid
1829,172,2026-05-21,1400,paid
1830,118,2026-05-22,3000,paid
1831,127,2026-05-22,225,paid
1832,147,2026-05-22,3240,paid
1833,152,2026-05-22,680,paid
1834,190,2026-05-22,210,paid
1835,199,2026-05-22,15930,paid
1836,251,2026-05-22,2200,paid
1837,8,2026-05-23,2960,paid
1838,10,2026-05-23,3280,paid
1839,49,2026-05-23,2520,paid
1840,86,2026-05-23,560,overdue
1841,124,2026-05-23,6840,paid
1842,174,2026-05-23,3720,paid
1843,187,2026-05-23,3840,paid
1844,211,2026-05-23,880,paid
1845,3,2026-05-24,195,paid
1846,29,2026-05-24,2960,paid
1847,81,2026-05-24,12600,paid
1848,125,2026-05-24,120,paid
1849,188,2026-05-24,90,paid
1850,261,2026-05-24,2160,paid
1851,65,2026-05-25,15750,paid
1852,105,2026-05-25,19710,paid
1853,132,2026-05-25,26730,paid
1854,177,2026-05-25,210,paid
1855,12,2026-05-26,135,paid
1856,21,2026-05-26,920,paid
1857,103,2026-05-26,255,paid
1858,158,2026-05-26,1360,paid
1859,248,2026-05-26,24660,paid
1860,249,2026-05-26,2240,paid
1861,78,2026-05-27,15750,paid
1862,5,2026-05-28,18450,paid
1863,51,2026-05-28,345,paid
1864,104,2026-05-28,225,paid
1865,134,2026-05-28,21330,paid
1866,183,2026-05-28,3520,paid
1867,196,2026-05-28,3960,paid
1868,233,2026-05-28,240,paid
1869,243,2026-05-28,720,paid
1870,9,2026-05-29,1240,paid
1871,26,2026-05-29,1360,paid
1872,114,2026-05-29,14670,paid
1873,247,2026-05-29,225,paid
1874,69,2026-05-30,18000,paid
1875,256,2026-05-30,225,paid
1876,70,2026-05-31,2320,paid
1877,163,2026-05-31,4000,paid
1878,255,2026-05-31,3240,paid
1879,122,2026-06-01,600,paid
1880,151,2026-06-01,150,paid
1881,168,2026-06-01,2280,paid
1882,200,2026-06-01,27270,paid
1883,234,2026-06-01,11610,paid
1884,50,2026-06-02,3920,paid
1885,121,2026-06-02,15390,paid
1886,140,2026-06-02,150,paid
1887,215,2026-06-02,8730,paid
1888,267,2026-06-02,120,overdue
1889,44,2026-06-03,2040,paid
1890,63,2026-06-03,3880,paid
1891,77,2026-06-03,3800,paid
1892,87,2026-06-03,23670,paid
1893,112,2026-06-03,8910,paid
1894,128,2026-06-03,75,paid
1895,156,2026-06-03,60,paid
1896,162,2026-06-03,1640,paid
1897,178,2026-06-03,300,paid
1898,40,2026-06-04,1400,paid
1899,176,2026-06-04,34920,paid
1900,1,2026-06-05,105,paid
1901,42,2026-06-05,20700,paid
1902,84,2026-06-05,9450,paid
1903,131,2026-06-05,1520,paid
1904,170,2026-06-05,480,paid
1905,185,2026-06-05,165,paid
1906,62,2026-06-06,2200,paid
1907,100,2026-06-06,165,paid
1908,116,2026-06-06,3360,paid
1909,149,2026-06-06,240,paid
1910,160,2026-06-06,195,paid
1911,34,2026-06-07,2440,paid
1912,166,2026-06-07,285,paid
1913,238,2026-06-07,2040,paid
1914,4,2026-06-08,15750,paid
1915,43,2026-06-08,3040,paid
1916,58,2026-06-08,680,paid
1917,60,2026-06-08,27360,paid
1918,75,2026-06-08,1760,paid
1919,159,2026-06-08,3400,paid
1920,197,2026-06-08,3680,paid
1921,198,2026-06-08,9720,paid
1922,230,2026-06-08,2720,paid
1923,22,2026-06-09,26100,paid
1924,109,2026-06-09,300,paid
1925,110,2026-06-09,1480,paid
1926,126,2026-06-09,35100,paid
1927,130,2026-06-09,23490,paid
1928,213,2026-06-09,225,paid
1929,57,2026-06-10,3520,paid
1930,80,2026-06-10,45,paid
1931,92,2026-06-10,26910,paid
1932,96,2026-06-10,34830,paid
1933,195,2026-06-10,7920,paid
1934,223,2026-06-10,2360,paid
1935,148,2026-06-11,22950,paid
1936,165,2026-06-11,19530,paid
1937,263,2026-06-11,1920,paid
1938,266,2026-06-11,3040,paid
1939,24,2026-06-12,24660,paid
1940,66,2026-06-12,19080,paid
1941,82,2026-06-12,27270,paid
1942,224,2026-06-12,75,paid
1943,193,2026-06-13,75,paid
1944,204,2026-06-13,16470,paid
1945,14,2026-06-14,345,paid
1946,53,2026-06-14,12150,paid
1947,68,2026-06-14,31140,paid
1948,144,2026-06-14,35820,paid
1949,212,2026-06-14,2680,paid
1950,236,2026-06-14,225,paid
1951,73,2026-06-15,3720,paid
1952,142,2026-06-15,31950,paid
1953,225,2026-06-15,16560,paid
1954,232,2026-06-15,330,paid
1955,19,2026-06-16,2160,paid
1956,89,2026-06-16,3480,paid
1957,97,2026-06-16,25020,paid
1958,135,2026-06-16,135,paid
1959,179,2026-06-16,760,paid
1960,206,2026-06-16,11790,paid
1961,239,2026-06-16,90,paid
1962,17,2026-06-17,2840,paid
1963,20,2026-06-17,11340,paid
1964,25,2026-06-17,20430,paid
1965,47,2026-06-17,3000,paid
1966,48,2026-06-17,45,paid
1967,93,2026-06-17,90,paid
1968,15,2026-06-18,150,paid
1969,83,2026-06-18,180,paid
1970,106,2026-06-18,1880,paid
1971,217,2026-06-18,225,paid
1972,221,2026-06-18,680,overdue
1973,253,2026-06-18,240,paid
1974,258,2026-06-18,18990,overdue
1975,55,2026-06-19,255,paid
1976,101,2026-06-19,3320,paid
1977,207,2026-06-19,3920,paid
1978,23,2026-06-20,90,paid
1979,113,2026-06-20,10530,overdue
1980,154,2026-06-20,35190,paid
1981,7,2026-06-21,3520,paid
1982,45,2026-06-21,33750,paid
1983,108,2026-06-21,255,paid
1984,119,2026-06-21,315,paid
1985,146,2026-06-21,34200,paid
1986,172,2026-06-21,1400,paid
1987,118,2026-06-22,3000,paid
1988,127,2026-06-22,225,overdue
1989,147,2026-06-22,3240,overdue
1990,152,2026-06-22,680,paid
1991,199,2026-06-22,15930,paid
1992,8,2026-06-23,2960,paid
1993,10,2026-06-23,3280,paid
1994,49,2026-06-23,2520,paid
1995,86,2026-06-23,560,paid
1996,124,2026-06-23,6840,paid
1997,174,2026-06-23,3720,paid
1998,187,2026-06-23,3840,paid
1999,211,2026-06-23,880,paid
2000,3,2026-06-24,195,paid
2001,29,2026-06-24,2960,overdue
2002,81,2026-06-24,12600,paid
2003,125,2026-06-24,120,paid
2004,188,2026-06-24,90,overdue
2005,261,2026-06-24,2160,paid
2006,65,2026-06-25,15750,paid
2007,105,2026-06-25,19710,paid
2008,132,2026-06-25,26730,paid
2009,150,2026-06-25,3120,paid
2010,177,2026-06-25,210,paid
2011,12,2026-06-26,135,paid
2012,103,2026-06-26,255,overdue
2013,158,2026-06-26,1360,paid
2014,218,2026-06-26,1960,overdue
2015,248,2026-06-26,24660,paid
2016,249,2026-06-26,2240,overdue
2017,78,2026-06-27,15750,paid
2018,5,2026-06-28,18450,overdue
2019,51,2026-06-28,345,paid
2020,104,2026-06-28,225,overdue
2021,134,2026-06-28,21330,paid
2022,183,2026-06-28,3520,paid
2023,196,2026-06-28,3960,paid
2024,233,2026-06-28,240,overdue
2025,243,2026-06-28,720,paid
2026,9,2026-06-29,1240,paid
2027,26,2026-06-29,1360,overdue
2028,114,2026-06-29,14670,void
2029,247,2026-06-29,225,paid
2030,69,2026-06-30,18000,overdue
2031,70,2026-06-30,2320,paid
2032,163,2026-06-30,4000,paid
2033,255,2026-06-30,3240,paid
2034,256,2026-06-30,225,paid
2035,122,2026-07-01,600,paid
2036,151,2026-07-01,150,paid
2037,168,2026-07-01,2280,paid
2038,200,2026-07-01,27270,paid
2039,234,2026-07-01,11610,overdue
2040,50,2026-07-02,3920,paid
2041,121,2026-07-02,15390,paid
2042,140,2026-07-02,150,paid
2043,215,2026-07-02,8730,paid
2044,267,2026-07-02,120,paid
2045,63,2026-07-03,3880,paid
2046,77,2026-07-03,3800,paid
2047,87,2026-07-03,23670,paid
2048,112,2026-07-03,8910,paid
2049,128,2026-07-03,75,paid
2050,156,2026-07-03,60,overdue
2051,162,2026-07-03,1640,paid
2052,178,2026-07-03,300,paid
2053,40,2026-07-04,1400,paid
2054,176,2026-07-04,34920,paid
2055,1,2026-07-05,105,paid
2056,42,2026-07-05,20700,paid
2057,84,2026-07-05,9450,overdue
2058,131,2026-07-05,1520,paid
2059,170,2026-07-05,480,paid
2060,185,2026-07-05,165,paid
2061,62,2026-07-06,2200,overdue
2062,116,2026-07-06,3360,paid
2063,160,2026-07-06,195,paid
2064,240,2026-07-06,1320,paid
2065,34,2026-07-07,2440,paid
2066,166,2026-07-07,285,paid
2067,238,2026-07-07,2040,paid
2068,4,2026-07-08,15750,overdue
2069,43,2026-07-08,3040,paid
2070,58,2026-07-08,680,paid
2071,60,2026-07-08,27360,paid
2072,75,2026-07-08,1760,paid
2073,159,2026-07-08,3400,paid
2074,197,2026-07-08,3680,paid
2075,198,2026-07-08,9720,overdue
2076,230,2026-07-08,2720,paid
2077,22,2026-07-09,26100,void
2078,109,2026-07-09,300,paid
2079,110,2026-07-09,1480,paid
2080,126,2026-07-09,35100,paid
2081,130,2026-07-09,23490,paid
2082,189,2026-07-09,3080,paid
2083,192,2026-07-09,150,paid
2084,213,2026-07-09,225,overdue
2085,237,2026-07-09,3320,paid
2086,268,2026-07-09,1560,paid
2087,56,2026-07-10,2480,paid
2088,57,2026-07-10,3520,paid
2089,80,2026-07-10,45,paid
2090,92,2026-07-10,26910,paid
2091,96,2026-07-10,34830,overdue
2092,195,2026-07-10,7920,paid
2093,148,2026-07-11,22950,paid
2094,165,2026-07-11,19530,paid
2095,263,2026-07-11,1920,overdue
2096,266,2026-07-11,3040,paid
2097,24,2026-07-12,24660,overdue
2098,66,2026-07-12,19080,void
2099,82,2026-07-12,27270,paid
2100,224,2026-07-12,75,paid
2101,193,2026-07-13,75,paid
2102,204,2026-07-13,16470,paid
2103,14,2026-07-14,345,paid
2104,53,2026-07-14,12150,paid
2105,68,2026-07-14,31140,paid
2106,144,2026-07-14,35820,paid
2107,212,2026-07-14,2680,overdue
2108,73,2026-07-15,3720,paid
2109,142,2026-07-15,31950,paid
2110,225,2026-07-15,16560,paid
2111,232,2026-07-15,330,paid
2112,19,2026-07-16,2160,paid
2113,46,2026-07-16,1920,paid
2114,89,2026-07-16,3480,paid
2115,97,2026-07-16,25020,overdue
2116,135,2026-07-16,135,paid
2117,179,2026-07-16,760,overdue
2118,206,2026-07-16,11790,paid
2119,17,2026-07-17,2840,paid
2120,20,2026-07-17,11340,paid
2121,25,2026-07-17,20430,paid
2122,47,2026-07-17,3000,overdue
2123,48,2026-07-17,45,paid
2124,93,2026-07-17,90,paid
2125,15,2026-07-18,150,paid
2126,83,2026-07-18,180,paid
2127,106,2026-07-18,1880,paid
2128,221,2026-07-18,680,paid
2129,253,2026-07-18,240,paid
2130,258,2026-07-18,18990,paid
2131,101,2026-07-19,3320,paid
2132,207,2026-07-19,3920,paid
2133,71,2026-07-20,12060,paid
2134,113,2026-07-20,10530,paid
2135,154,2026-07-20,35190,paid
2136,7,2026-07-21,3520,paid
2137,35,2026-07-21,31230,overdue
2138,45,2026-07-21,33750,paid
2139,59,2026-07-21,20340,paid
2140,108,2026-07-21,255,paid
2141,146,2026-07-21,34200,paid
2142,172,2026-07-21,1400,paid
2143,118,2026-07-22,3000,paid
2144,127,2026-07-22,225,paid
2145,147,2026-07-22,3240,paid
2146,152,2026-07-22,680,paid
2147,199,2026-07-22,15930,overdue
2148,8,2026-07-23,2960,paid
2149,49,2026-07-23,2520,paid
2150,86,2026-07-23,560,paid
2151,124,2026-07-23,6840,paid
2152,174,2026-07-23,3720,paid
2153,187,2026-07-23,3840,paid
2154,211,2026-07-23,880,paid
2155,3,2026-07-24,195,overdue
2156,29,2026-07-24,2960,paid
2157,81,2026-07-24,12600,overdue
2158,125,2026-07-24,120,paid
2159,261,2026-07-24,2160,paid
2160,65,2026-07-25,15750,overdue
2161,105,2026-07-25,19710,paid
2162,132,2026-07-25,26730,paid
2163,150,2026-07-25,3120,paid
2164,177,2026-07-25,210,paid
2165,12,2026-07-26,135,paid
2166,103,2026-07-26,255,paid
2167,158,2026-07-26,1360,overdue
2168,218,2026-07-26,1960,paid
2169,248,2026-07-26,24660,paid
2170,249,2026-07-26,2240,paid
2171,13,2026-07-27,520,overdue
2172,27,2026-07-27,26910,paid
2173,78,2026-07-27,15750,paid
2174,5,2026-07-28,18450,paid
2175,51,2026-07-28,345,void
2176,104,2026-07-28,225,paid
2177,107,2026-07-28,11520,paid
2178,134,2026-07-28,21330,overdue
2179,183,2026-07-28,3520,paid
2180,196,2026-07-28,3960,paid
2181,233,2026-07-28,240,overdue
2182,243,2026-07-28,720,paid
2183,9,2026-07-29,1240,paid
2184,114,2026-07-29,14670,paid
2185,247,2026-07-29,225,paid
2186,256,2026-07-30,225,paid
2187,208,2026-07-31,21330,overdue
2188,255,2026-07-31,3240,paid
2189,122,2026-08-01,600,paid
2190,151,2026-08-01,150,overdue
2191,168,2026-08-01,2280,paid
2192,200,2026-08-01,27270,paid
2193,234,2026-08-01,11610,overdue
2194,50,2026-08-02,3920,paid
2195,121,2026-08-02,15390,paid
2196,140,2026-08-02,150,paid
2197,215,2026-08-02,8730,paid
2198,63,2026-08-03,3880,paid
2199,77,2026-08-03,3800,paid
2200,87,2026-08-03,23670,paid
2201,112,2026-08-03,8910,paid
2202,128,2026-08-03,75,paid
2203,156,2026-08-03,60,paid
2204,162,2026-08-03,1640,paid
2205,178,2026-08-03,300,paid
2206,40,2026-08-04,1400,overdue
2207,176,2026-08-04,34920,paid
2208,1,2026-08-05,105,paid
2209,42,2026-08-05,20700,overdue
2210,84,2026-08-05,9450,paid
2211,131,2026-08-05,1520,paid
2212,170,2026-08-05,480,paid
2213,185,2026-08-05,165,paid
2214,62,2026-08-06,2200,paid
2215,116,2026-08-06,3360,paid
2216,160,2026-08-06,195,paid
2217,240,2026-08-06,1320,paid
2218,166,2026-08-07,285,paid
2219,238,2026-08-07,2040,paid
2220,4,2026-08-08,15750,paid
2221,43,2026-08-08,3040,paid
2222,60,2026-08-08,27360,overdue
2223,75,2026-08-08,1760,overdue
2224,159,2026-08-08,3400,paid
2225,197,2026-08-08,3680,paid
2226,198,2026-08-08,9720,paid
2227,230,2026-08-08,2720,paid
2228,22,2026-08-09,26100,paid
2229,109,2026-08-09,300,paid
2230,110,2026-08-09,1480,paid
2231,126,2026-08-09,35100,paid
2232,130,2026-08-09,23490,paid
2233,189,2026-08-09,3080,paid
2234,192,2026-08-09,150,overdue
2235,213,2026-08-09,225,paid
2236,237,2026-08-09,3320,overdue
2237,268,2026-08-09,1560,paid
2238,56,2026-08-10,2480,void
2239,57,2026-08-10,3520,paid
2240,80,2026-08-10,45,paid
2241,92,2026-08-10,26910,paid
2242,96,2026-08-10,34830,paid
2243,195,2026-08-10,7920,paid
2244,148,2026-08-11,22950,paid
2245,165,2026-08-11,19530,overdue
2246,263,2026-08-11,1920,overdue
2247,266,2026-08-11,3040,paid
2248,24,2026-08-12,24660,overdue
2249,66,2026-08-12,19080,paid
2250,82,2026-08-12,27270,paid
2251,224,2026-08-12,75,paid
2252,193,2026-08-13,75,paid
2253,204,2026-08-13,16470,overdue
2254,14,2026-08-14,345,paid
2255,53,2026-08-14,12150,paid
2256,68,2026-08-14,31140,paid
2257,144,2026-08-14,35820,paid
2258,212,2026-08-14,2680,paid
2259,73,2026-08-15,3720,paid
2260,142,2026-08-15,31950,paid
2261,225,2026-08-15,16560,paid
2262,232,2026-08-15,330,paid
2263,19,2026-08-16,2160,paid
2264,46,2026-08-16,1920,paid
2265,89,2026-08-16,3480,paid
2266,97,2026-08-16,25020,paid
2267,135,2026-08-16,135,paid
2268,179,2026-08-16,760,paid
2269,206,2026-08-16,11790,paid
2270,17,2026-08-17,2840,paid
2271,20,2026-08-17,11340,paid
2272,25,2026-08-17,20430,paid
2273,47,2026-08-17,3000,paid
2274,48,2026-08-17,45,paid
2275,93,2026-08-17,90,paid
2276,15,2026-08-18,150,paid
2277,83,2026-08-18,180,paid
2278,221,2026-08-18,680,paid
2279,253,2026-08-18,240,paid
2280,258,2026-08-18,18990,paid
2281,101,2026-08-19,3320,overdue
2282,71,2026-08-20,12060,paid
2283,154,2026-08-20,35190,paid
2284,7,2026-08-21,3520,paid
2285,35,2026-08-21,31230,paid
2286,45,2026-08-21,33750,paid
2287,59,2026-08-21,20340,paid
2288,108,2026-08-21,255,overdue
2289,146,2026-08-21,34200,paid
2290,172,2026-08-21,1400,paid
2291,118,2026-08-22,3000,overdue
2292,127,2026-08-22,225,overdue
2293,147,2026-08-22,3240,paid
2294,152,2026-08-22,680,paid
2295,8,2026-08-23,2960,paid
2296,49,2026-08-23,2520,void
2297,86,2026-08-23,560,paid
2298,124,2026-08-23,6840,paid
2299,174,2026-08-23,3720,paid
2300,187,2026-08-23,3840,paid
2301,211,2026-08-23,880,paid
2302,3,2026-08-24,195,paid
2303,29,2026-08-24,2960,overdue
2304,81,2026-08-24,12600,paid
2305,125,2026-08-24,120,paid
2306,261,2026-08-24,2160,overdue
2307,65,2026-08-25,15750,void
2308,105,2026-08-25,19710,paid
2309,132,2026-08-25,26730,paid
2310,150,2026-08-25,3120,paid
2311,177,2026-08-25,210,void
2312,103,2026-08-26,255,paid
2313,158,2026-08-26,1360,overdue
2314,218,2026-08-26,1960,paid
2315,248,2026-08-26,24660,paid
2316,249,2026-08-26,2240,paid
2317,13,2026-08-27,520,paid
2318,27,2026-08-27,26910,paid
2319,78,2026-08-27,15750,paid
2320,5,2026-08-28,18450,paid
2321,51,2026-08-28,345,paid
2322,104,2026-08-28,225,paid
2323,107,2026-08-28,11520,paid
2324,134,2026-08-28,21330,paid
2325,183,2026-08-28,3520,paid
2326,233,2026-08-28,240,paid
2327,243,2026-08-28,720,paid
2328,9,2026-08-29,1240,paid
2329,114,2026-08-29,14670,paid
2330,247,2026-08-29,225,overdue
2331,256,2026-08-30,225,paid
2332,208,2026-08-31,21330,overdue
2333,255,2026-08-31,3240,paid
