subscription_id,customer_id,plan_id,start_date,end_date,status,seats,mrr
1,1,2,2025-12-05,,active,7,105
2,2,1,2025-12-25,2026-04-24,churned,1,0
3,2,2,2026-04-24,,active,13,195
4,3,4,2024-12-08,,active,175,15750
5,4,4,2025-05-28,,active,205,18450
6,5,2,2025-06-11,2026-02-21,churned,23,345
7,5,3,2026-02-21,,active,88,3520
8,6,3,2026-01-23,,active,74,2960
9,7,3,2024-12-29,,active,31,1240
10,8,3,2025-01-23,2026-07-09,churned,82,3280
11,9,1,2024-02-02,,active,1,0
12,10,2,2025-05-26,2026-07-27,churned,9,135
13,10,3,2026-07-27,,active,13,520
14,11,2,2025-07-14,,active,23,345
15,12,2,2024-02-18,,active,10,150
16,13,2,2025-10-23,2026-05-17,churned,5,75
17,13,3,2026-05-17,,active,71,2840
18,14,2,2024-10-16,2025-12-16,churned,13,195
19,14,3,2025-12-16,,active,54,2160
20,15,4,2026-01-17,,active,126,11340
21,16,3,2026-01-26,2026-06-09,churned,23,920
22,16,4,2026-06-09,,active,290,26100
23,17,2,2026-02-20,2026-07-09,churned,6,90
24,18,4,2026-02-12,2026-08-31,churned,274,24660
25,19,4,2026-04-17,,active,227,20430
26,20,3,2025-07-29,2026-07-27,churned,34,1360
27,20,4,2026-07-27,,active,299,26910
28,21,2,2025-12-25,2026-05-24,churned,12,180
29,21,3,2026-05-24,,active,74,2960
30,22,2,2025-03-28,2025-12-23,churned,10,150
31,23,1,2026-02-08,,active,2,0
32,24,3,2026-01-01,2026-04-03,churned,70,2800
33,25,3,2024-07-13,2025-07-08,churned,65,2600
34,26,3,2026-03-07,2026-07-21,churned,61,2440
35,26,4,2026-07-21,,active,347,31230
36,27,2,2025-05-12,2026-02-23,churned,20,300
37,28,3,2025-03-17,2026-04-30,churned,80,3200
38,29,3,2024-10-30,2025-05-07,churned,25,1000
39,30,2,2025-08-21,2026-01-04,churned,13,195
40,30,3,2026-01-04,,active,35,1400
41,31,3,2024-03-10,2024-11-05,churned,61,2440
42,31,4,2024-11-05,,active,230,20700
43,32,3,2025-07-08,,active,76,3040
44,33,3,2025-12-03,2026-06-21,churned,51,2040
45,33,4,2026-06-21,,active,375,33750
46,34,3,2026-07-16,,active,48,1920
47,35,3,2026-03-17,,active,75,3000
48,36,2,2026-06-17,,active,3,45
49,37,3,2026-03-23,,active,63,2520
50,38,3,2026-03-02,,active,98,3920
51,39,2,2026-02-28,,active,23,345
52,40,3,2024-10-13,2026-02-14,churned,16,640
53,40,4,2026-02-14,,active,135,12150
54,41,3,2024-06-24,2025-01-12,churned,41,1640
55,42,2,2026-03-19,2026-07-10,churned,17,255
56,42,3,2026-07-10,,active,62,2480
57,43,3,2026-02-10,,active,88,3520
58,44,3,2026-03-08,2026-07-21,churned,17,680
59,44,4,2026-07-21,,active,226,20340
60,45,4,2025-02-08,,active,304,27360
61,46,2,2024-07-16,2026-05-06,churned,8,120
62,46,3,2026-05-06,,active,55,2200
63,47,3,2025-09-03,,active,97,3880
64,48,3,2025-09-02,2026-02-25,churned,34,1360
65,48,4,2026-02-25,,active,175,15750
66,49,4,2025-10-12,,active,212,19080
67,50,3,2024-08-14,2025-11-14,churned,98,3920
68,50,4,2025-11-14,,active,346,31140
69,51,4,2025-11-30,2026-07-24,churned,200,18000
70,52,3,2026-03-31,2026-07-20,churned,58,2320
71,52,4,2026-07-20,,active,134,12060
72,53,2,2025-10-14,2026-05-15,churned,12,180
73,53,3,2026-05-15,,active,93,3720
74,54,2,2026-05-14,,trial,18,270
75,55,3,2026-02-08,,active,44,1760
76,56,2,2025-05-01,2025-09-03,churned,22,330
77,56,3,2025-09-03,,active,95,3800
78,57,4,2025-02-27,,active,175,15750
79,58,1,2024-09-12,2025-05-10,churned,2,0
80,58,2,2025-05-10,,active,3,45
81,59,4,2026-03-24,,active,140,12600
82,60,4,2026-01-12,,active,303,27270
83,61,2,2025-02-18,,active,12,180
84,62,4,2024-08-05,,active,105,9450
85,63,2,2026-01-21,2026-05-23,churned,4,60
86,63,3,2026-05-23,,active,14,560
87,64,4,2026-03-03,,active,263,23670
88,65,2,2025-03-22,2026-04-16,churned,12,180
89,65,3,2026-04-16,,active,87,3480
90,66,1,2026-04-11,2026-08-20,churned,2,0
91,67,3,2025-04-17,2026-04-10,churned,73,2920
92,67,4,2026-04-10,,active,299,26910
93,68,2,2026-03-17,,active,6,90
94,69,3,2025-05-21,2026-02-07,churned,33,1320
95,70,3,2025-02-22,2026-04-10,churned,82,3280
96,70,4,2026-04-10,,active,387,34830
97,71,4,2024-12-16,,active,278,25020
98,72,1,2025-12-25,2026-04-29,churned,3,0
99,73,2,2025-10-06,2026-04-12,churned,10,150
100,74,2,2025-03-06,2026-06-19,churned,11,165
101,74,3,2026-06-19,,active,83,3320
102,75,1,2025-07-19,2025-12-26,churned,3,0
103,75,2,2025-12-26,,active,17,255
104,76,2,2025-02-28,,active,15,225
105,77,4,2025-08-25,,active,219,19710
106,78,3,2025-12-18,2026-07-28,churned,47,1880
107,78,4,2026-07-28,,active,128,11520
108,79,2,2025-08-21,,active,17,255
109,80,2,2025-12-09,,active,20,300
110,81,3,2026-01-09,,active,37,1480
111,82,3,2026-01-08,2026-06-03,churned,20,800
112,82,4,2026-06-03,,active,99,8910
113,83,4,2026-02-20,2026-07-30,churned,117,10530
114,84,4,2026-05-29,,active,163,14670
115,85,2,2025-05-15,2025-12-06,churned,13,195
116,85,3,2025-12-06,,active,84,3360
117,86,2,2025-12-10,2026-04-22,churned,19,285
118,86,3,2026-04-22,,active,75,3000
119,87,2,2026-02-21,2026-07-20,churned,21,315
120,88,3,2025-07-24,2025-11-02,churned,49,1960
121,88,4,2025-11-02,,active,171,15390
122,89,3,2024-09-01,,active,15,600
123,90,3,2025-02-16,2026-01-23,churned,17,680
124,90,4,2026-01-23,,active,76,6840
125,91,2,2025-09-24,,active,8,120
126,92,4,2025-08-09,,active,390,35100
127,93,2,2026-03-22,,active,15,225
128,94,2,2025-12-03,,active,5,75
129,95,3,2024-12-30,2026-01-09,churned,93,3720
130,95,4,2026-01-09,,active,261,23490
131,96,3,2026-03-05,,active,38,1520
132,97,4,2025-04-25,,active,297,26730
133,98,3,2025-09-23,2026-04-28,churned,78,3120
134,98,4,2026-04-28,,active,237,21330
135,99,2,2026-01-16,,active,9,135
136,100,1,2025-10-07,,active,3,0
137,101,4,2026-05-11,,trial,68,6120
138,102,1,2025-03-23,2026-04-23,churned,3,0
139,103,3,2025-09-02,2025-12-23,churned,16,640
140,104,2,2025-09-02,,active,10,150
141,105,3,2025-07-26,2026-04-15,churned,27,1080
142,105,4,2026-04-15,,active,355,31950
143,106,3,2025-02-22,2025-08-14,churned,96,3840
144,106,4,2025-08-14,,active,398,35820
145,107,3,2025-11-28,2026-04-21,churned,62,2480
146,107,4,2026-04-21,,active,380,34200
147,108,3,2025-07-22,,active,81,3240
148,109,4,2026-03-11,,active,255,22950
149,110,2,2026-03-06,2026-06-25,churned,16,240
150,110,3,2026-06-25,,active,78,3120
151,111,2,2025-12-01,,active,10,150
152,112,3,2024-11-22,,active,17,680
153,113,3,2025-02-24,2025-11-20,churned,27,1080
154,113,4,2025-11-20,,active,391,35190
155,114,1,2025-12-06,2026-05-03,churned,2,0
156,114,2,2026-05-03,,active,4,60
157,115,2,2025-07-12,2025-11-26,churned,24,360
158,115,3,2025-11-26,,active,34,1360
159,116,3,2025-08-08,,active,85,3400
160,117,2,2025-10-06,,active,13,195
161,118,2,2025-05-23,2026-05-03,churned,9,135
162,118,3,2026-05-03,,active,41,1640
163,119,3,2026-03-31,2026-07-29,churned,100,4000
164,120,3,2025-05-04,2026-02-11,churned,46,1840
165,120,4,2026-02-11,,active,217,19530
166,121,2,2026-04-07,,active,19,285
167,122,2,2025-08-09,2026-03-01,churned,18,270
168,122,3,2026-03-01,,active,57,2280
169,123,2,2026-02-07,2026-06-05,churned,4,60
170,123,3,2026-06-05,,active,12,480
171,124,2,2025-12-03,2026-04-21,churned,21,315
172,124,3,2026-04-21,,active,35,1400
173,125,2,2025-02-07,2026-02-23,churned,15,225
174,125,3,2026-02-23,,active,93,3720
175,126,4,2025-04-17,2026-03-23,churned,232,20880
176,127,4,2026-05-04,,active,388,34920
177,128,2,2026-04-25,2026-08-27,churned,14,210
178,129,2,2025-12-03,,active,20,300
179,130,3,2026-02-16,,active,19,760
180,131,3,2024-05-08,2026-05-13,churned,62,2480
181,132,2,2024-11-25,2025-10-04,churned,25,375
182,133,3,2026-06-06,,trial,57,2280
183,134,3,2024-09-28,,active,88,3520
184,135,1,2025-05-30,2026-06-05,churned,3,0
185,135,2,2026-06-05,,active,11,165
186,136,3,2026-05-18,,trial,46,1840
187,137,3,2024-03-23,,active,96,3840
188,138,2,2025-10-24,2026-07-09,churned,6,90
189,138,3,2026-07-09,,active,77,3080
190,139,2,2025-11-22,2026-06-01,churned,14,210
191,140,1,2026-01-01,2026-07-09,churned,2,0
192,140,2,2026-07-09,,active,10,150
193,141,2,2025-08-13,,active,5,75
194,142,3,2025-10-01,2026-05-10,churned,21,840
195,142,4,2026-05-10,,active,88,7920
196,143,3,2025-12-28,2026-08-02,churned,99,3960
197,144,3,2025-05-08,,active,92,3680
198,145,4,2026-02-08,,active,108,9720
199,146,4,2025-05-22,2026-08-09,churned,177,15930
200,147,4,2025-02-01,2026-08-18,churned,303,27270
201,148,1,2024-12-03,,active,2,0
202,149,1,2025-02-01,2025-08-16,churned,2,0
203,150,3,2025-04-20,2026-05-13,churned,60,2400
204,150,4,2026-05-13,,active,183,16470
205,151,3,2026-01-18,2026-06-16,churned,59,2360
206,151,4,2026-06-16,,active,131,11790
207,152,3,2025-12-19,2026-07-31,churned,98,3920
208,152,4,2026-07-31,,active,237,21330
209,153,1,2024-08-27,2025-02-10,churned,2,0
210,154,2,2025-06-29,2026-03-23,churned,22,330
211,154,3,2026-03-23,,active,22,880
212,155,3,2026-05-14,,active,67,2680
213,156,2,2026-01-09,,active,15,225
214,157,3,2025-05-21,2026-01-02,churned,20,800
215,157,4,2026-01-02,,active,97,8730
216,158,1,2025-11-24,,active,1,0
217,159,2,2026-03-18,2026-06-26,churned,15,225
218,159,3,2026-06-26,,active,49,1960
219,160,2,2025-10-20,2026-02-09,churned,11,165
220,161,2,2024-08-25,2025-03-18,churned,17,255
221,161,3,2025-03-18,,active,17,680
222,162,1,2026-02-09,2026-07-25,churned,3,0
223,163,3,2026-02-10,2026-07-02,churned,59,2360
224,164,2,2025-09-12,,active,5,75
225,165,4,2024-07-15,,active,184,16560
226,166,2,2025-11-25,2026-05-02,churned,15,225
227,167,2,2025-11-24,2026-04-05,churned,18,270
228,168,2,2025-05-06,2025-09-12,churned,16,240
229,169,2,2024-11-12,2025-09-08,churned,10,150
230,169,3,2025-09-08,,active,68,2720
231,170,1,2024-12-03,2026-04-12,churned,2,0
232,171,2,2026-03-15,,active,22,330
233,172,2,2024-06-28,,active,16,240
234,173,4,2024-09-01,,active,129,11610
235,174,3,2025-03-30,2025-12-05,churned,98,3920
236,175,2,2024-11-14,2026-07-09,churned,15,225
237,175,3,2026-07-09,,active,83,3320
238,176,3,2025-09-07,,active,51,2040
239,177,2,2024-09-16,2026-07-06,churned,6,90
240,177,3,2026-07-06,,active,33,1320
241,178,3,2025-02-20,2026-05-28,churned,80,3200
242,179,2,2024-11-13,2025-12-06,churned,25,375
243,180,3,2024-04-28,,active,18,720
244,181,2,2024-10-22,2025-11-26,churned,18,270
245,182,2,2026-05-06,,trial,24,360
246,183,2,2024-02-03,2026-01-05,churned,15,225
247,184,2,2025-05-29,,active,15,225
248,185,4,2025-05-26,,active,274,24660
249,186,3,2024-12-26,,active,56,2240
250,187,3,2024-08-03,2025-07-13,churned,20,800
251,188,3,2025-04-22,2026-05-30,churned,55,2200
252,189,1,2026-01-27,2026-06-18,churned,3,0
253,189,2,2026-06-18,,active,16,240
254,190,1,2026-03-26,2026-08-28,churned,1,0
255,191,3,2025-12-31,,active,81,3240
256,192,2,2024-08-30,,active,15,225
257,193,3,2024-06-25,2025-01-18,churned,29,1160
258,193,4,2025-01-18,,active,211,18990
259,194,2,2025-06-30,2025-12-09,churned,5,75
260,195,2,2024-03-09,2025-10-24,churned,13,195
261,195,3,2025-10-24,,active,54,2160
262,196,2,2024-04-26,2024-10-11,churned,17,255
263,196,3,2024-10-11,,active,48,1920
264,197,1,2025-03-13,2026-08-19,churned,3,0
265,198,2,2025-07-30,2026-03-11,churned,6,90
266,198,3,2026-03-11,,active,76,3040
267,199,2,2026-03-02,2026-07-09,churned,8,120
268,199,3,2026-07-09,,active,39,1560
269,200,3,2024-05-18,2026-06-02,churned,90,3600
