ticket_id,customer_id,opened_at,closed_at,priority,category,satisfaction_score
1,9,2024-03-17 09:59:43,,low,Billing,
2,183,2024-03-19 10:19:07,2024-03-19 18:36:07,high,Access,3
3,183,2024-04-10 10:34:58,2024-04-10 12:43:58,medium,Access,5
4,195,2024-04-29 14:14:35,2024-04-29 22:26:35,low,How-to,5
5,180,2024-05-02 09:13:15,2024-05-05 09:25:15,low,Access,
6,137,2024-05-04 08:10:59,2024-05-05 11:06:59,medium,Data Import,4
7,31,2024-05-06 14:28:33,2024-05-06 22:45:33,medium,Access,2
8,180,2024-05-11 13:10:41,2024-05-11 15:22:41,medium,Integration,
9,12,2024-05-13 12:14:39,2024-05-13 14:51:39,medium,Integration,5
10,31,2024-06-09 07:06:09,2024-06-09 15:26:09,medium,Data Import,5
11,195,2024-06-25 09:09:59,2024-06-26 11:21:59,low,How-to,2
12,200,2024-07-02 08:43:00,2024-07-02 11:34:00,high,Access,
13,193,2024-07-04 16:53:18,2024-07-05 01:11:18,high,Integration,4
14,12,2024-07-09 08:03:31,2024-07-09 10:20:31,low,Billing,5
15,137,2024-07-09 12:29:23,,urgent,How-to,
16,172,2024-07-10 12:23:32,2024-07-10 15:22:32,high,Integration,5
17,172,2024-07-14 14:41:44,2024-07-14 22:49:44,medium,Performance,4
18,200,2024-07-17 08:43:13,2024-07-17 17:27:13,medium,How-to,5
19,183,2024-07-23 08:41:50,,high,Bug,
20,46,2024-07-30 03:21:56,2024-07-31 05:57:56,high,How-to,4
21,180,2024-08-04 13:32:10,2024-08-07 13:39:10,urgent,Integration,5
22,25,2024-08-05 10:57:23,2024-08-08 11:35:23,high,How-to,2
23,131,2024-08-13 13:28:05,2024-08-13 16:14:05,low,Integration,4
24,193,2024-08-16 13:06:15,2024-08-16 15:52:15,medium,Integration,1
25,187,2024-08-17 15:59:27,2024-08-18 00:17:27,medium,How-to,
26,172,2024-08-22 12:52:08,2024-08-23 15:15:08,low,Data Import,
27,180,2024-08-31 06:29:51,,medium,Integration,
28,153,2024-09-03 17:20:52,2024-09-06 17:56:52,low,Integration,4
29,153,2024-09-05 09:00:31,2024-09-05 17:34:31,medium,Performance,
30,187,2024-09-05 17:23:07,2024-09-06 01:50:07,high,How-to,
31,137,2024-09-05 22:03:33,2024-09-07 00:43:33,high,How-to,5
32,172,2024-09-06 09:56:23,2024-09-07 12:53:23,medium,Integration,
33,153,2024-09-09 07:34:19,2024-09-09 10:02:19,medium,Access,5
34,46,2024-09-12 10:08:55,2024-09-13 12:48:55,low,Integration,
35,187,2024-09-16 11:09:50,2024-09-17 13:53:50,low,Bug,
36,161,2024-09-19 05:36:05,2024-09-19 14:06:05,medium,How-to,5
37,183,2024-09-22 17:12:22,2024-09-22 19:54:22,medium,Integration,
38,200,2024-09-23 19:38:37,,low,Data Import,
39,153,2024-09-27 15:28:44,2024-09-27 17:28:44,low,Bug,
40,9,2024-09-28 12:50:08,2024-09-29 15:38:08,medium,Data Import,
41,89,2024-09-30 10:14:31,2024-10-08 18:34:31,urgent,Billing,
42,193,2024-10-03 15:08:16,2024-10-06 16:03:16,low,Data Import,5
43,25,2024-10-03 20:39:46,2024-10-06 20:58:46,medium,Bug,5
44,89,2024-10-06 09:16:15,2024-10-07 11:37:15,low,Data Import,5
45,134,2024-10-08 08:12:19,2024-10-08 16:44:19,low,Billing,5
46,153,2024-10-12 18:25:39,2024-10-13 03:23:39,high,Integration,
47,153,2024-10-14 10:20:42,2024-10-14 18:45:42,low,How-to,4
48,41,2024-10-14 12:42:08,2024-10-17 13:27:08,medium,Billing,4
49,193,2024-10-14 18:02:10,,medium,Data Import,
50,165,2024-10-17 06:35:01,2024-10-18 08:41:01,urgent,Bug,4
51,9,2024-10-17 07:35:35,,high,How-to,
52,14,2024-10-22 07:57:32,2024-10-22 16:16:32,high,How-to,
53,183,2024-10-23 08:15:50,2024-10-23 10:41:50,medium,Bug,5
54,153,2024-11-02 08:44:34,2024-11-02 11:21:34,urgent,Access,5
55,187,2024-11-04 07:46:08,2024-11-04 10:20:08,medium,How-to,5
56,181,2024-11-04 10:28:26,2024-11-12 19:11:26,medium,Billing,
57,192,2024-11-07 08:04:56,2024-11-15 16:52:56,medium,Billing,5
58,187,2024-11-09 13:25:39,2024-11-10 15:42:39,medium,Bug,
59,12,2024-11-13 06:09:23,2024-11-13 08:24:23,high,Integration,
60,29,2024-11-13 09:59:09,2024-11-13 12:16:09,low,Access,3
61,12,2024-11-14 13:33:53,2024-11-15 16:06:53,medium,Billing,4
62,192,2024-11-23 16:58:06,,medium,Bug,
63,180,2024-11-24 11:39:02,2024-11-24 20:27:02,low,Data Import,3
64,172,2024-11-24 19:48:45,2024-11-25 04:01:45,low,Data Import,3
65,153,2024-11-27 07:49:37,2024-11-27 10:02:37,medium,How-to,
66,161,2024-11-30 15:38:36,2024-12-03 15:41:36,high,Integration,2
67,195,2024-12-02 20:32:14,,high,Bug,
68,153,2024-12-03 08:59:26,2024-12-04 11:53:26,low,Data Import,4
69,12,2024-12-05 10:02:10,2024-12-08 10:54:10,low,Integration,4
70,137,2024-12-06 15:16:44,2024-12-07 18:11:44,urgent,Integration,
71,12,2024-12-06 19:22:50,2024-12-15 03:35:50,low,Access,3
72,132,2024-12-08 17:09:22,2024-12-09 19:24:22,high,How-to,4
73,31,2024-12-10 06:38:56,2024-12-18 15:04:56,low,Integration,
74,25,2024-12-12 06:31:30,2024-12-13 08:37:30,high,How-to,
75,153,2024-12-13 09:15:08,2024-12-16 09:20:08,medium,Bug,5
76,25,2024-12-14 17:04:22,2024-12-17 17:08:22,medium,Performance,5
77,179,2024-12-15 08:30:46,2024-12-15 16:36:46,medium,Integration,4
78,200,2024-12-25 21:20:29,,low,Billing,
79,153,2024-12-26 15:45:55,2024-12-29 16:11:55,low,Performance,
80,173,2025-01-04 06:13:40,2025-01-04 15:08:40,low,Bug,5
81,172,2025-01-04 16:51:04,2025-01-04 19:17:04,low,Bug,5
82,187,2025-01-06 21:13:50,2025-01-07 06:04:50,high,Integration,
83,153,2025-01-09 09:09:24,2025-01-09 11:31:24,urgent,Bug,3
84,40,2025-01-11 16:58:58,2025-01-11 19:32:58,urgent,How-to,5
85,148,2025-01-11 19:01:43,,medium,Integration,
86,148,2025-01-13 09:38:42,2025-01-13 18:16:42,low,Billing,
87,200,2025-01-15 07:02:26,2025-01-15 15:41:26,low,Bug,
88,71,2025-01-15 10:28:35,,medium,Billing,
89,71,2025-01-16 12:46:15,2025-01-19 13:38:15,low,Data Import,3
90,153,2025-01-17 12:32:01,2025-01-20 12:39:01,medium,Billing,5
91,112,2025-01-18 12:22:33,2025-01-18 15:13:33,high,Billing,4
92,132,2025-01-20 08:10:45,2025-01-20 16:19:45,medium,Integration,5
93,153,2025-01-22 07:49:56,2025-01-30 15:49:56,low,Bug,
94,179,2025-01-22 16:34:14,2025-01-22 19:09:14,low,Integration,1
95,165,2025-01-24 08:15:28,,high,How-to,
96,153,2025-01-24 10:49:14,2025-01-24 19:13:14,medium,Access,2
97,50,2025-01-25 16:01:44,,medium,How-to,
98,193,2025-01-27 14:55:58,2025-01-28 17:33:58,medium,Data Import,
99,200,2025-01-29 13:47:30,2025-02-01 14:15:30,low,Billing,
100,173,2025-02-01 14:10:04,2025-02-09 22:37:04,urgent,How-to,1
101,195,2025-02-01 16:26:22,,urgent,Billing,
102,14,2025-02-04 15:26:58,2025-02-04 23:54:58,medium,How-to,4
103,25,2025-02-06 08:43:34,2025-02-09 09:12:34,medium,Bug,5
104,153,2025-02-06 08:55:14,2025-02-14 17:08:14,high,Performance,4
105,187,2025-02-09 07:10:42,2025-02-12 07:21:42,low,How-to,3
106,169,2025-02-10 07:53:03,2025-02-13 08:03:03,low,Billing,
107,125,2025-02-10 22:24:51,2025-02-12 01:20:51,low,Bug,
108,179,2025-02-11 08:12:10,2025-02-12 11:04:10,high,Bug,5
109,181,2025-02-11 13:51:17,2025-02-11 16:04:17,low,Bug,
110,14,2025-02-19 12:08:36,2025-02-20 14:23:36,low,Integration,4
111,29,2025-02-20 09:23:59,2025-02-20 18:04:59,low,Integration,5
112,132,2025-02-21 18:35:45,2025-02-21 21:05:45,high,Billing,3
113,25,2025-02-22 11:45:30,2025-02-22 20:11:30,medium,How-to,3
114,134,2025-02-23 13:26:36,2025-02-23 16:16:36,low,How-to,4
115,178,2025-02-27 13:47:35,2025-02-27 22:42:35,low,Integration,5
116,29,2025-02-28 13:10:51,2025-02-28 22:01:51,high,Billing,5
117,137,2025-03-01 10:55:12,2025-03-01 19:25:12,high,Integration,
118,125,2025-03-02 13:32:10,2025-03-03 16:02:10,low,Integration,2
119,170,2025-03-03 16:39:49,2025-03-03 19:36:49,medium,How-to,5
120,165,2025-03-06 01:45:32,2025-03-06 10:36:32,low,Bug,5
121,192,2025-03-07 13:02:11,2025-03-07 21:12:11,high,How-to,
122,112,2025-03-07 16:34:24,2025-03-08 00:42:24,medium,Data Import,4
123,192,2025-03-08 08:09:18,2025-03-08 16:09:18,low,Bug,5
124,179,2025-03-09 08:41:37,2025-03-09 11:13:37,medium,Integration,
125,186,2025-03-10 11:28:29,,low,Data Import,
126,9,2025-03-11 08:02:32,2025-03-12 10:10:32,medium,How-to,3
127,112,2025-03-14 08:15:44,,urgent,Bug,
128,187,2025-03-14 15:31:52,2025-03-14 17:39:52,medium,Access,2
129,71,2025-03-15 15:38:38,2025-03-16 00:24:38,medium,How-to,
130,62,2025-03-15 19:01:07,2025-03-18 19:38:07,medium,Integration,4
131,187,2025-03-16 12:01:53,2025-03-16 14:29:53,medium,How-to,3
132,50,2025-03-17 14:02:41,2025-03-17 22:02:41,low,Bug,
133,137,2025-03-17 16:14:33,2025-03-17 18:26:33,low,Integration,5
134,200,2025-03-18 14:05:04,2025-03-18 16:10:04,high,Billing,4
135,50,2025-03-18 17:50:29,2025-03-21 17:53:29,medium,Bug,5
136,106,2025-03-20 17:07:54,2025-03-21 01:29:54,medium,Performance,4
137,3,2025-03-21 07:48:54,2025-03-21 10:45:54,medium,Integration,3
138,148,2025-03-21 09:01:48,,low,Bug,
139,181,2025-03-21 15:15:43,2025-03-21 18:00:43,medium,Access,
140,200,2025-03-23 13:39:39,2025-03-23 16:36:39,medium,Integration,3
141,179,2025-03-23 15:01:08,,medium,Bug,
142,57,2025-03-23 15:19:03,2025-03-23 23:42:03,medium,Data Import,
143,178,2025-03-28 10:48:55,2025-03-29 13:26:55,high,Data Import,
144,180,2025-03-29 08:32:28,2025-03-29 16:33:28,low,Bug,
145,74,2025-03-29 10:33:47,2025-03-30 12:56:47,low,How-to,
146,132,2025-03-31 15:27:53,2025-03-31 18:00:53,urgent,Integration,2
147,149,2025-04-01 12:53:16,2025-04-01 21:35:16,low,Bug,
148,46,2025-04-01 14:17:44,2025-04-01 23:14:44,high,How-to,
149,74,2025-04-02 18:14:23,2025-04-03 20:52:23,low,Bug,4
150,161,2025-04-05 07:25:14,2025-04-05 10:13:14,low,Access,
151,76,2025-04-05 13:14:18,,medium,Data Import,
152,113,2025-04-06 13:02:10,2025-04-06 21:43:10,medium,Billing,
153,89,2025-04-08 13:34:13,2025-04-08 16:20:13,high,Performance,3
154,187,2025-04-08 15:51:12,2025-04-08 18:11:12,high,How-to,
155,170,2025-04-11 11:08:33,2025-04-12 13:32:33,medium,How-to,
156,95,2025-04-12 02:35:59,2025-04-20 11:11:59,medium,Billing,1
157,45,2025-04-12 11:25:41,2025-04-12 20:17:41,low,How-to,4
158,3,2025-04-12 11:41:53,,medium,Billing,
159,125,2025-04-12 17:50:00,2025-04-13 02:36:00,low,Billing,
160,187,2025-04-13 19:40:04,2025-04-13 22:12:04,medium,Bug,
161,197,2025-04-15 11:49:19,,high,How-to,
162,14,2025-04-16 10:11:56,2025-04-16 12:45:56,medium,How-to,3
163,161,2025-04-20 12:49:20,2025-04-21 14:49:20,medium,Performance,4
164,126,2025-04-21 10:55:11,2025-04-21 12:59:11,high,Integration,4
165,65,2025-04-21 11:52:12,2025-04-21 19:54:12,medium,Integration,3
166,181,2025-04-21 17:22:58,2025-04-21 19:58:58,high,Integration,4
167,65,2025-04-22 09:34:53,2025-04-23 12:11:53,high,How-to,4
168,14,2025-04-23 06:10:04,2025-04-23 15:00:04,medium,Bug,5
169,31,2025-04-23 12:58:22,2025-05-01 21:31:22,low,How-to,
170,179,2025-04-24 01:32:43,2025-04-24 03:48:43,urgent,Billing,
171,148,2025-04-24 15:26:36,2025-04-24 23:39:36,medium,Integration,5
172,181,2025-04-28 12:40:30,2025-04-28 20:56:30,high,How-to,
173,150,2025-04-30 07:44:28,2025-04-30 15:55:28,low,Integration,5
174,126,2025-05-01 13:36:43,2025-05-09 22:03:43,urgent,Data Import,4
175,200,2025-05-08 05:10:18,2025-05-08 13:43:18,high,Access,5
176,165,2025-05-08 15:50:07,2025-05-09 00:25:07,medium,How-to,
177,28,2025-05-09 09:36:13,,urgent,Integration,
178,132,2025-05-09 13:51:26,2025-05-10 16:46:26,medium,How-to,1
179,197,2025-05-11 07:21:32,2025-05-11 09:46:32,high,Access,2
180,179,2025-05-12 14:51:02,2025-05-13 17:35:02,low,How-to,4
181,150,2025-05-12 17:30:39,2025-05-21 01:34:39,medium,How-to,4
182,181,2025-05-16 07:47:13,2025-05-19 08:45:13,low,How-to,
183,126,2025-05-16 08:21:28,2025-05-16 10:30:28,urgent,Integration,5
184,102,2025-05-16 13:55:22,2025-05-16 16:16:22,high,Integration,
185,3,2025-05-16 16:36:28,2025-05-19 16:50:28,high,Integration,
186,46,2025-05-17 12:54:39,2025-05-17 15:06:39,medium,How-to,5
187,62,2025-05-17 17:14:13,2025-05-20 17:34:13,medium,How-to,4
188,147,2025-05-17 17:55:31,2025-05-18 20:15:31,medium,How-to,4
189,102,2025-05-18 16:21:09,2025-05-18 18:41:09,medium,Integration,3
190,181,2025-05-19 16:32:20,,medium,Data Import,
191,71,2025-05-20 15:15:24,,high,Billing,
192,22,2025-05-20 18:11:13,2025-05-21 20:36:13,low,Bug,
193,150,2025-05-22 07:16:24,2025-05-22 10:12:24,medium,Data Import,
194,186,2025-05-25 13:38:31,2025-05-25 22:00:31,high,Bug,3
195,65,2025-05-25 14:39:58,2025-05-26 17:38:58,urgent,Billing,5
196,67,2025-05-26 13:34:22,2025-05-27 15:45:22,medium,Data Import,4
197,70,2025-05-28 11:10:10,2025-05-28 13:56:10,high,Performance,5
198,69,2025-05-31 10:19:20,2025-06-03 10:20:20,medium,Integration,5
199,69,2025-05-31 12:43:16,2025-05-31 15:24:16,medium,How-to,
200,195,2025-05-31 17:54:22,2025-06-09 02:02:22,high,Integration,
201,185,2025-06-03 08:11:44,2025-06-03 10:26:44,medium,Bug,5
202,178,2025-06-03 14:43:08,2025-06-04 17:00:08,high,How-to,5
203,168,2025-06-03 15:41:00,2025-06-12 00:05:00,low,How-to,4
204,184,2025-06-05 17:16:15,2025-06-06 01:23:15,high,How-to,4
205,56,2025-06-05 17:24:09,,high,Integration,
206,135,2025-06-06 11:37:48,2025-06-06 19:48:48,medium,Integration,4
207,132,2025-06-07 16:35:01,2025-06-08 19:19:01,low,How-to,
208,179,2025-06-09 14:35:12,2025-06-12 15:07:12,high,Billing,4
209,168,2025-06-09 17:53:53,,high,Data Import,
210,179,2025-06-10 03:59:41,2025-06-13 04:45:41,low,Access,4
211,76,2025-06-10 14:32:23,2025-06-13 14:36:23,medium,Data Import,4
212,102,2025-06-10 17:35:06,2025-06-10 20:22:06,high,Billing,5
213,172,2025-06-11 09:06:17,2025-06-11 17:57:17,medium,Data Import,4
214,113,2025-06-11 10:12:37,2025-06-12 12:37:37,medium,How-to,1
215,5,2025-06-11 10:35:24,2025-06-11 19:20:24,medium,Data Import,1
216,179,2025-06-11 18:14:31,2025-06-14 19:03:31,low,Bug,5
217,149,2025-06-12 12:32:12,2025-06-13 15:28:12,low,Performance,4
218,76,2025-06-13 04:11:07,2025-06-13 06:58:07,medium,Data Import,4
219,181,2025-06-15 14:52:33,2025-06-15 17:43:33,high,How-to,
220,74,2025-06-15 18:46:37,,urgent,Billing,
221,10,2025-06-16 11:41:49,2025-06-19 12:24:49,low,Billing,5
222,27,2025-06-18 07:50:40,2025-06-19 10:07:40,high,Integration,1
223,150,2025-06-18 08:35:28,2025-06-19 10:58:28,medium,Billing,5
224,179,2025-06-19 18:01:31,2025-06-22 18:19:31,low,Data Import,4
225,126,2025-06-20 00:43:22,2025-06-21 02:51:22,high,Integration,5
226,170,2025-06-20 09:01:27,2025-06-20 17:40:27,medium,Integration,4
227,132,2025-06-20 16:58:15,2025-06-21 19:12:15,high,How-to,4
228,174,2025-06-20 19:28:34,2025-06-21 03:56:34,medium,Integration,5
229,168,2025-06-21 14:17:36,2025-06-21 23:11:36,high,Access,2
230,179,2025-06-21 16:08:44,2025-06-22 00:38:44,high,Integration,
231,31,2025-06-21 19:39:34,2025-06-21 21:55:34,medium,Access,
232,177,2025-06-22 18:55:00,2025-06-23 03:38:00,medium,How-to,1
233,168,2025-06-23 15:34:24,2025-06-24 18:22:24,medium,Integration,
234,132,2025-06-24 12:41:29,2025-06-25 15:23:29,medium,Integration,3
235,169,2025-06-25 13:02:33,2025-07-03 21:30:33,high,Bug,4
236,157,2025-06-25 14:16:46,2025-06-25 16:47:46,low,Billing,4
237,181,2025-06-27 09:42:46,2025-06-27 12:07:46,medium,How-to,
238,137,2025-06-27 16:57:24,2025-06-28 01:13:24,medium,How-to,
239,144,2025-06-27 21:27:02,,high,How-to,
240,150,2025-06-28 12:13:43,2025-07-01 12:49:43,medium,How-to,2
241,125,2025-06-29 21:33:19,2025-06-30 05:39:19,low,Billing,
242,57,2025-06-30 11:43:39,,urgent,Performance,
243,102,2025-06-30 15:29:04,2025-07-09 00:03:04,medium,Integration,2
244,3,2025-07-02 10:37:15,2025-07-03 12:57:15,low,Billing,4
245,50,2025-07-02 14:02:08,,low,How-to,
246,3,2025-07-03 07:34:02,2025-07-03 16:15:02,medium,Billing,4
247,187,2025-07-03 08:21:53,2025-07-03 16:50:53,high,Access,
248,70,2025-07-03 10:54:41,2025-07-03 19:26:41,medium,Integration,3
249,148,2025-07-04 07:57:39,,medium,How-to,
250,157,2025-07-05 13:21:14,,urgent,Data Import,
251,194,2025-07-06 10:15:11,2025-07-06 18:36:11,urgent,Integration,4
252,89,2025-07-06 13:01:34,2025-07-06 21:44:34,high,Billing,
253,71,2025-07-07 05:15:28,2025-07-07 14:00:28,medium,Billing,4
254,112,2025-07-07 08:10:49,2025-07-07 11:03:49,medium,Bug,5
255,154,2025-07-07 10:39:51,2025-07-07 13:14:51,low,Integration,4
256,172,2025-07-07 15:52:29,2025-07-16 00:32:29,urgent,Integration,3
257,76,2025-07-07 16:50:48,2025-07-08 18:51:48,medium,Data Import,4
258,102,2025-07-08 14:56:46,2025-07-08 17:12:46,high,Bug,5
259,125,2025-07-08 16:40:19,2025-07-09 00:59:19,low,Bug,5
260,195,2025-07-09 10:57:56,2025-07-09 19:46:56,high,Integration,
261,144,2025-07-10 07:40:46,2025-07-11 10:10:46,medium,How-to,
262,10,2025-07-10 11:08:55,,medium,Data Import,
263,5,2025-07-11 14:07:23,2025-07-11 17:02:23,high,Billing,3
264,187,2025-07-12 10:45:00,2025-07-20 19:35:00,high,Billing,1
265,69,2025-07-12 11:13:39,2025-07-12 19:54:39,medium,Data Import,5
266,112,2025-07-13 08:53:44,2025-07-21 17:37:44,medium,Integration,4
267,154,2025-07-13 15:29:59,2025-07-13 23:41:59,low,Data Import,3
268,180,2025-07-14 09:13:02,2025-07-14 17:43:02,low,How-to,
269,194,2025-07-15 00:42:41,2025-07-18 01:06:41,medium,Billing,5
270,194,2025-07-16 10:41:46,2025-07-16 19:17:46,medium,Access,4
271,102,2025-07-16 14:56:00,2025-07-19 15:50:00,urgent,Bug,5
272,135,2025-07-16 17:04:00,2025-07-16 20:01:00,medium,How-to,4
273,57,2025-07-17 09:41:04,2025-07-18 12:34:04,low,Performance,4
274,200,2025-07-18 05:27:58,2025-07-18 08:21:58,high,How-to,4
275,179,2025-07-18 12:02:56,2025-07-19 14:53:56,high,How-to,3
276,179,2025-07-18 16:44:49,2025-07-19 19:09:49,medium,Bug,4
277,102,2025-07-18 16:52:32,,low,Bug,
278,69,2025-07-19 16:17:43,2025-07-20 00:58:43,medium,Bug,
279,120,2025-07-19 22:25:29,,medium,Bug,
280,181,2025-07-21 16:08:55,2025-07-30 00:48:55,medium,Integration,4
281,120,2025-07-22 09:51:37,2025-07-22 18:15:37,low,Integration,4
282,75,2025-07-23 08:18:01,2025-07-23 11:01:01,low,How-to,2
283,115,2025-07-24 12:03:54,2025-07-27 12:04:54,high,Access,4
284,192,2025-07-24 15:40:13,2025-07-24 18:07:13,high,How-to,5
285,174,2025-07-25 09:47:00,2025-07-25 12:03:00,medium,Access,
286,192,2025-07-26 10:38:23,2025-07-26 12:57:23,low,Bug,
287,173,2025-07-26 13:48:15,2025-07-26 16:17:15,urgent,Bug,3
288,180,2025-07-27 05:33:05,2025-07-27 07:49:05,low,How-to,4
289,102,2025-07-27 09:31:30,2025-07-27 12:21:30,medium,How-to,5
290,178,2025-07-28 11:42:51,2025-07-28 20:36:51,high,Integration,4
291,102,2025-07-29 13:17:02,,high,Integration,
292,102,2025-07-29 16:14:28,2025-08-01 16:42:28,medium,Data Import,4
293,76,2025-07-29 17:21:37,2025-08-01 18:07:37,low,Performance,4
294,74,2025-07-30 05:35:45,2025-08-02 05:41:45,medium,Billing,3
295,154,2025-07-30 11:13:26,2025-07-30 19:31:26,low,How-to,
296,148,2025-07-30 15:07:21,2025-07-30 17:51:21,medium,How-to,3
297,168,2025-07-30 20:57:11,2025-08-02 21:39:11,low,Integration,5
298,149,2025-07-31 08:49:54,2025-07-31 17:04:54,high,Access,
299,106,2025-07-31 14:06:26,,low,Integration,
300,90,2025-08-01 13:49:19,2025-08-01 22:34:19,low,Integration,1
301,115,2025-08-02 08:09:10,2025-08-02 16:42:10,high,How-to,3
302,70,2025-08-02 14:58:22,2025-08-02 17:16:22,low,Integration,4
303,88,2025-08-03 13:34:58,2025-08-03 16:14:58,medium,Bug,
304,180,2025-08-04 16:24:55,2025-08-13 00:35:55,medium,Data Import,2
305,181,2025-08-04 21:18:14,,low,Bug,
306,181,2025-08-05 13:11:13,2025-08-05 21:59:13,high,Data Import,
307,61,2025-08-05 16:46:58,2025-08-08 17:36:58,low,Billing,5
308,27,2025-08-06 08:52:32,2025-08-09 09:03:32,medium,Integration,
309,174,2025-08-06 10:57:27,2025-08-07 13:29:27,low,Integration,4
310,197,2025-08-06 11:48:59,2025-08-07 14:01:59,medium,Bug,2
311,149,2025-08-07 13:07:17,2025-08-10 13:32:17,high,Billing,3
312,194,2025-08-07 14:12:31,,medium,Access,
313,126,2025-08-09 17:14:18,2025-08-10 01:54:18,low,How-to,
314,75,2025-08-11 08:26:49,2025-08-12 10:46:49,medium,Performance,2
315,61,2025-08-11 10:13:11,2025-08-14 10:21:11,medium,How-to,4
316,67,2025-08-11 16:35:02,2025-08-12 01:16:02,low,Performance,5
317,102,2025-08-12 06:32:12,2025-08-12 15:26:12,high,Bug,2
318,74,2025-08-14 09:58:39,2025-08-17 10:21:39,high,Performance,4
319,106,2025-08-14 12:08:38,2025-08-14 20:28:38,medium,Performance,3
320,108,2025-08-14 15:41:18,2025-08-17 16:17:18,high,Data Import,2
321,85,2025-08-15 20:26:28,2025-08-16 04:39:28,high,Billing,4
322,14,2025-08-18 07:52:05,2025-08-21 08:15:05,medium,Integration,
323,194,2025-08-18 07:59:05,2025-08-26 16:41:05,low,How-to,4
324,168,2025-08-18 08:59:14,,low,Performance,
325,185,2025-08-18 11:09:24,2025-08-18 19:39:24,low,Bug,
326,173,2025-08-19 09:26:41,2025-08-19 17:44:41,medium,Billing,
327,85,2025-08-19 10:45:52,2025-08-19 19:06:52,medium,Integration,4
328,27,2025-08-20 07:04:47,2025-08-20 16:00:47,medium,Integration,
329,97,2025-08-21 14:01:28,2025-08-21 16:39:28,low,Performance,3
330,135,2025-08-22 13:34:25,2025-08-22 21:44:25,medium,Performance,5
331,137,2025-08-23 16:11:12,2025-09-01 00:30:12,low,Billing,
332,76,2025-08-24 15:18:49,2025-08-25 17:20:49,high,How-to,5
333,193,2025-08-24 16:18:21,2025-08-25 00:28:21,medium,Integration,4
334,76,2025-08-24 19:51:29,2025-08-25 04:01:29,medium,Bug,
335,179,2025-08-25 09:50:28,2025-08-28 10:40:28,urgent,How-to,
336,183,2025-08-25 15:19:31,2025-08-25 17:22:31,medium,Bug,
337,168,2025-08-26 07:31:35,2025-08-29 08:20:35,medium,Billing,4
338,20,2025-08-28 06:03:22,2025-08-28 14:44:22,low,Data Import,4
339,27,2025-08-29 08:46:58,2025-09-01 09:37:58,medium,Bug,2
340,172,2025-08-30 11:57:30,2025-09-02 12:23:30,high,How-to,2
341,22,2025-08-30 12:56:28,2025-08-30 21:09:28,high,Integration,5
342,115,2025-08-30 14:58:57,2025-08-30 17:23:57,medium,How-to,4
343,67,2025-08-31 15:40:05,2025-09-01 00:37:05,medium,Access,5
344,150,2025-09-01 15:32:57,2025-09-01 23:35:57,medium,Data Import,5
345,135,2025-09-02 06:59:05,2025-09-05 07:17:05,high,Bug,
346,57,2025-09-04 08:45:49,,medium,Bug,
347,193,2025-09-05 11:26:24,,medium,Billing,
348,122,2025-09-05 18:28:59,2025-09-06 20:34:59,medium,Integration,3
349,8,2025-09-06 08:50:05,2025-09-07 10:53:05,medium,Integration,3
350,198,2025-09-06 14:55:25,2025-09-06 17:49:25,high,Access,3
351,132,2025-09-06 17:43:54,2025-09-07 01:43:54,medium,Integration,5
352,69,2025-09-07 19:59:52,2025-09-07 22:02:52,medium,Access,2
353,200,2025-09-08 10:47:23,2025-09-08 12:57:23,low,Data Import,
354,71,2025-09-08 11:40:12,,low,Integration,
355,8,2025-09-08 16:32:50,2025-09-09 00:48:50,high,Access,5
356,103,2025-09-10 09:35:16,2025-09-10 12:13:16,high,Bug,3
357,176,2025-09-11 10:46:14,2025-09-12 13:28:14,low,Access,4
358,57,2025-09-11 17:16:09,2025-09-11 19:56:09,low,Integration,1
359,102,2025-09-12 12:53:15,2025-09-12 21:23:15,medium,Integration,2
360,172,2025-09-12 15:48:21,2025-09-13 00:42:21,medium,Data Import,4
361,176,2025-09-13 13:45:20,2025-09-16 14:30:20,high,Integration,5
362,103,2025-09-14 07:13:37,,medium,How-to,
363,62,2025-09-14 10:31:10,2025-09-14 18:50:10,high,Billing,5
364,144,2025-09-16 06:13:15,2025-09-24 14:26:15,urgent,How-to,1
365,8,2025-09-17 09:09:53,2025-09-17 12:06:53,low,How-to,4
366,69,2025-09-18 09:26:15,2025-09-18 17:38:15,high,How-to,2
367,30,2025-09-19 13:43:09,2025-09-19 22:31:09,medium,Bug,
368,184,2025-09-19 17:29:52,2025-09-20 01:48:52,low,Data Import,5
369,27,2025-09-19 21:30:55,2025-09-20 06:06:55,medium,Bug,
370,108,2025-09-20 06:55:52,2025-09-23 07:09:52,medium,Data Import,
371,176,2025-09-20 10:00:20,2025-09-20 18:16:20,medium,Access,4
372,135,2025-09-21 11:39:18,2025-09-24 12:23:18,high,Bug,4
373,120,2025-09-21 14:07:21,2025-09-21 22:10:21,medium,Billing,4
374,56,2025-09-22 15:15:40,2025-09-22 23:38:40,medium,Bug,4
375,176,2025-09-23 08:11:37,2025-09-23 10:22:37,low,Integration,4
376,27,2025-09-23 15:08:34,2025-10-01 23:43:34,low,How-to,
377,20,2025-09-24 13:20:30,2025-09-24 16:00:30,medium,Data Import,5
378,135,2025-09-25 05:42:03,2025-09-25 08:22:03,urgent,Integration,
379,20,2025-09-25 12:07:00,2025-09-25 15:01:00,medium,Integration,
380,150,2025-09-26 13:41:00,2025-09-29 13:55:00,urgent,How-to,
381,3,2025-09-26 16:20:49,2025-09-27 18:22:49,urgent,Performance,1
382,3,2025-09-27 14:22:26,2025-09-30 14:45:26,medium,Bug,3
383,137,2025-09-28 13:08:45,,low,Performance,
384,179,2025-09-29 09:52:41,2025-10-07 17:58:41,low,Billing,5
385,48,2025-09-29 16:19:15,2025-09-29 18:50:15,medium,Integration,4
386,61,2025-09-30 16:50:23,2025-09-30 18:57:23,low,Billing,
387,132,2025-09-30 21:13:12,2025-10-01 23:36:12,medium,Integration,3
388,188,2025-10-02 07:48:10,2025-10-03 10:21:10,urgent,How-to,4
389,102,2025-10-02 14:46:22,2025-10-03 17:43:22,medium,Bug,2
390,103,2025-10-04 09:40:34,2025-10-07 10:18:34,high,How-to,4
391,193,2025-10-04 10:34:48,2025-10-04 12:51:48,medium,Data Import,4
392,135,2025-10-04 13:47:44,2025-10-04 15:51:44,medium,Integration,4
393,174,2025-10-06 14:40:44,2025-10-07 17:19:44,low,Billing,
394,135,2025-10-07 13:51:25,2025-10-08 16:23:25,high,Data Import,5
395,178,2025-10-07 15:01:49,2025-10-08 17:53:49,medium,Bug,4
396,135,2025-10-08 06:49:27,2025-10-11 07:21:27,urgent,Bug,4
397,169,2025-10-08 13:09:33,,high,How-to,
398,88,2025-10-08 16:19:59,2025-10-09 00:20:59,low,Data Import,
399,115,2025-10-09 14:05:53,,low,How-to,
400,126,2025-10-09 16:43:40,2025-10-10 01:12:40,low,Bug,
401,164,2025-10-10 08:35:11,2025-10-18 17:04:11,high,Billing,3
402,174,2025-10-10 09:19:04,2025-10-10 18:16:04,medium,Performance,5
403,148,2025-10-10 13:38:34,2025-10-10 16:15:34,medium,How-to,5
404,103,2025-10-11 07:16:25,2025-10-11 15:24:25,high,Performance,5
405,192,2025-10-11 10:10:46,2025-10-11 12:36:46,high,Billing,5
406,88,2025-10-11 11:51:40,2025-10-19 20:31:40,urgent,Bug,4
407,117,2025-10-11 12:13:18,2025-10-11 20:42:18,low,Billing,3
408,74,2025-10-12 11:46:57,2025-10-12 20:34:57,medium,Integration,
409,11,2025-10-12 16:27:32,2025-10-12 18:50:32,urgent,Integration,4
410,157,2025-10-13 09:39:19,2025-10-13 11:59:19,medium,Bug,3
411,73,2025-10-13 09:46:21,2025-10-13 18:36:21,urgent,How-to,5
412,61,2025-10-13 18:06:52,2025-10-13 21:04:52,medium,Data Import,5
413,108,2025-10-13 21:08:24,,medium,Integration,
414,126,2025-10-14 09:05:37,2025-10-14 17:49:37,low,Performance,3
415,184,2025-10-14 09:51:37,2025-10-14 12:40:37,low,Data Import,
416,126,2025-10-14 15:20:07,2025-10-14 17:39:07,high,Billing,1
417,117,2025-10-14 20:19:01,2025-10-23 04:25:01,high,Integration,
418,62,2025-10-15 12:12:40,2025-10-15 14:42:40,medium,Performance,
419,122,2025-10-15 13:00:57,,medium,Integration,
420,14,2025-10-15 13:59:59,2025-10-15 22:27:59,high,Integration,3
421,169,2025-10-16 04:25:26,2025-10-17 07:11:26,medium,Bug,4
422,194,2025-10-16 09:42:36,2025-10-16 18:19:36,high,Bug,2
423,186,2025-10-16 18:36:09,2025-10-19 18:39:09,low,Bug,5
424,186,2025-10-17 06:54:27,2025-10-18 09:29:27,high,Integration,
425,79,2025-10-17 08:42:35,2025-10-17 11:34:35,medium,Data Import,4
426,40,2025-10-18 13:36:55,2025-10-18 16:21:55,low,How-to,
427,122,2025-10-19 10:05:22,,low,Data Import,
428,179,2025-10-20 07:58:36,2025-10-20 10:33:36,high,Integration,
429,30,2025-10-20 13:37:35,2025-10-23 13:38:35,medium,Integration,
430,148,2025-10-21 08:30:22,2025-10-24 09:18:22,medium,Data Import,3
431,188,2025-10-21 11:56:34,2025-10-21 14:21:34,medium,Integration,3
432,76,2025-10-22 06:11:38,2025-10-22 14:37:38,medium,How-to,
433,137,2025-10-22 07:06:18,2025-10-23 10:01:18,urgent,Performance,5
434,175,2025-10-23 12:16:55,2025-10-23 21:01:55,low,Bug,
435,27,2025-10-24 05:44:08,2025-10-24 14:20:08,low,How-to,
436,4,2025-10-24 09:06:23,2025-10-25 11:37:23,medium,How-to,3
437,194,2025-10-25 00:52:30,2025-10-25 09:42:30,urgent,Integration,
438,164,2025-10-26 03:09:06,2025-10-26 11:53:06,medium,How-to,
439,126,2025-10-26 08:48:42,2025-10-27 11:21:42,medium,Bug,5
440,73,2025-10-26 08:54:51,2025-10-26 11:48:51,medium,Integration,3
441,160,2025-10-26 09:42:59,2025-10-29 09:56:59,urgent,Performance,5
442,177,2025-10-26 12:53:26,2025-10-26 15:36:26,medium,Integration,3
443,118,2025-10-26 16:29:55,2025-10-27 19:22:55,high,Bug,5
444,154,2025-10-27 08:04:24,,low,Integration,
445,71,2025-10-28 09:59:02,2025-10-28 18:39:02,medium,How-to,5
446,173,2025-10-29 10:07:37,2025-11-01 10:11:37,low,Billing,3
447,27,2025-10-29 16:27:00,2025-11-07 00:31:00,medium,Integration,4
448,91,2025-10-29 16:54:49,2025-10-29 19:51:49,low,How-to,
449,141,2025-10-29 16:55:55,2025-10-30 19:35:55,low,Data Import,3
450,31,2025-11-01 06:15:33,2025-11-04 07:03:33,medium,How-to,3
451,100,2025-11-01 14:43:54,,low,Access,
452,186,2025-11-02 08:39:56,2025-11-02 16:51:56,high,Performance,
453,126,2025-11-02 16:16:50,2025-11-02 19:03:50,medium,Billing,2
454,115,2025-11-03 10:31:50,2025-11-06 10:31:50,medium,Data Import,
455,88,2025-11-04 03:28:39,,low,Bug,
456,65,2025-11-04 09:20:29,2025-11-04 17:43:29,medium,Data Import,4
457,200,2025-11-07 14:55:43,,medium,Bug,
458,89,2025-11-08 09:30:23,2025-11-08 18:10:23,medium,How-to,
459,53,2025-11-08 10:58:26,2025-11-08 19:24:26,high,How-to,4
460,118,2025-11-08 13:18:31,,low,Billing,
461,176,2025-11-08 14:44:30,2025-11-08 23:41:30,low,Integration,5
462,180,2025-11-08 18:09:12,2025-11-09 02:31:12,medium,Bug,2
463,180,2025-11-09 06:33:05,2025-11-09 09:22:05,urgent,Access,4
464,179,2025-11-09 15:23:02,2025-11-09 23:27:02,medium,Integration,4
465,3,2025-11-09 15:42:16,2025-11-12 16:24:16,low,Data Import,5
466,154,2025-11-09 16:49:47,2025-11-12 17:47:47,urgent,Bug,
467,91,2025-11-10 16:38:08,2025-11-11 19:36:08,medium,How-to,1
468,117,2025-11-11 10:25:50,2025-11-12 13:04:50,high,Performance,3
469,3,2025-11-11 11:49:50,2025-11-12 14:15:50,low,How-to,5
470,98,2025-11-11 16:54:48,2025-11-12 01:20:48,medium,Access,5
471,179,2025-11-13 10:15:01,2025-11-16 10:34:01,medium,How-to,5
472,91,2025-11-13 11:17:32,2025-11-16 11:27:32,high,Bug,1
473,103,2025-11-13 16:46:08,2025-11-13 19:25:08,low,Billing,
474,194,2025-11-16 07:40:32,2025-11-16 16:29:32,low,Integration,4
475,178,2025-11-16 09:02:44,2025-11-16 11:36:44,high,How-to,5
476,117,2025-11-16 14:44:35,2025-11-16 17:04:35,high,Integration,5
477,160,2025-11-16 15:19:43,2025-11-19 16:13:43,medium,Bug,
478,91,2025-11-17 09:53:43,2025-11-17 12:20:43,high,Performance,4
479,180,2025-11-17 10:16:11,2025-11-17 12:59:11,medium,Bug,
480,120,2025-11-17 11:27:40,2025-11-17 13:51:40,low,Data Import,3
481,126,2025-11-19 15:25:53,2025-11-19 23:39:53,low,Bug,
482,3,2025-11-20 11:13:31,,medium,How-to,
483,188,2025-11-20 11:57:32,2025-11-23 12:16:32,high,Integration,5
484,150,2025-11-20 12:29:06,2025-11-20 21:27:06,high,How-to,5
485,141,2025-11-20 12:46:04,2025-11-23 13:34:04,low,Bug,5
486,141,2025-11-21 10:26:43,2025-11-24 10:33:43,high,How-to,
487,73,2025-11-22 08:14:57,2025-11-22 10:35:57,high,How-to,5
488,170,2025-11-22 11:49:22,2025-11-25 11:52:22,medium,Integration,
489,117,2025-11-22 16:17:12,2025-11-23 01:11:12,low,Integration,3
490,9,2025-11-23 08:31:38,2025-11-23 16:40:38,low,Integration,
491,97,2025-11-23 16:46:24,2025-11-24 01:17:24,urgent,Access,4
492,174,2025-11-23 17:18:53,2025-11-26 17:44:53,medium,Access,5
493,3,2025-11-24 09:46:01,2025-12-02 18:07:01,urgent,Billing,5
494,95,2025-11-25 08:06:03,2025-11-28 08:13:03,high,How-to,5
495,176,2025-11-25 08:32:38,2025-11-26 11:26:38,medium,Integration,
496,90,2025-11-25 11:11:41,2025-11-25 14:08:41,low,Data Import,4
497,184,2025-11-26 08:03:20,,low,Bug,
498,105,2025-11-26 14:06:12,2025-11-29 14:34:12,high,Integration,5
499,98,2025-11-27 11:28:47,2025-11-27 19:57:47,low,Integration,4
500,167,2025-11-28 10:48:57,2025-11-29 12:53:57,medium,Access,3
501,198,2025-11-29 06:19:03,2025-11-29 09:18:03,medium,Bug,4
502,48,2025-11-29 07:26:06,2025-11-29 16:19:06,medium,Bug,5
503,200,2025-11-29 15:54:17,2025-11-30 00:17:17,low,How-to,
504,144,2025-11-29 19:52:50,2025-11-30 22:28:50,medium,How-to,2
505,90,2025-12-01 09:15:27,2025-12-04 09:59:27,low,Integration,
506,102,2025-12-02 18:36:58,2025-12-02 21:09:58,low,How-to,4
507,103,2025-12-03 11:18:55,2025-12-03 14:04:55,low,How-to,3
508,139,2025-12-03 16:26:36,,medium,How-to,
509,91,2025-12-04 09:51:43,2025-12-04 18:35:43,low,Access,2
510,137,2025-12-05 13:07:17,,high,Access,
511,200,2025-12-06 07:04:15,2025-12-07 09:37:15,low,Access,
512,58,2025-12-07 23:13:24,,medium,Billing,
513,88,2025-12-08 08:23:43,,high,Integration,
514,90,2025-12-08 14:37:55,2025-12-08 23:12:55,medium,Bug,1
515,142,2025-12-09 01:19:21,2025-12-10 04:02:21,medium,Integration,
516,129,2025-12-09 10:02:21,2025-12-17 18:54:21,high,How-to,4
517,141,2025-12-09 12:58:30,2025-12-09 15:53:30,low,Billing,4
518,166,2025-12-10 16:31:21,2025-12-10 18:55:21,medium,Data Import,
519,4,2025-12-10 21:08:22,2025-12-13 21:39:22,high,Data Import,4
520,90,2025-12-11 07:57:54,2025-12-11 09:58:54,urgent,Integration,4
521,90,2025-12-11 09:55:33,,low,Data Import,
522,90,2025-12-11 12:29:04,2025-12-11 14:44:04,medium,How-to,5
523,107,2025-12-11 14:18:24,2025-12-11 16:23:24,medium,How-to,4
524,167,2025-12-12 10:59:50,2025-12-12 13:47:50,low,Billing,3
525,56,2025-12-12 15:23:41,2025-12-13 00:06:41,medium,Integration,1
526,105,2025-12-12 20:32:43,2025-12-12 22:43:43,urgent,Billing,5
527,33,2025-12-12 21:17:42,2025-12-13 00:04:42,low,Bug,5
528,91,2025-12-13 08:51:14,2025-12-14 11:22:14,medium,Bug,
529,51,2025-12-13 09:37:23,,medium,Billing,
530,71,2025-12-13 15:00:42,,medium,Access,
531,30,2025-12-14 08:17:17,2025-12-14 10:29:17,urgent,Integration,
532,141,2025-12-14 10:29:16,2025-12-17 11:28:16,low,Bug,5
533,118,2025-12-14 15:53:52,2025-12-15 00:49:52,low,Data Import,5
534,71,2025-12-14 17:32:36,2025-12-14 20:02:36,medium,How-to,3
535,114,2025-12-15 12:10:04,2025-12-15 20:19:04,high,How-to,
536,177,2025-12-15 12:14:12,2025-12-18 13:08:12,medium,Bug,5
537,70,2025-12-15 15:48:37,2025-12-15 18:39:37,medium,Integration,
538,176,2025-12-16 09:42:17,,low,How-to,
539,188,2025-12-17 09:55:52,2025-12-20 10:44:52,medium,Billing,4
540,117,2025-12-17 12:22:29,2025-12-20 12:52:29,medium,Access,4
541,33,2025-12-17 18:16:47,2025-12-18 20:58:47,medium,Billing,5
542,183,2025-12-17 18:40:34,2025-12-18 02:52:34,high,Bug,
543,167,2025-12-18 16:05:59,2025-12-19 00:05:59,low,Data Import,1
544,73,2025-12-19 06:33:24,2025-12-19 08:50:24,high,Bug,1
545,67,2025-12-19 08:13:23,2025-12-20 11:10:23,low,Billing,4
546,51,2025-12-19 10:40:45,2025-12-19 18:51:45,medium,Integration,5
547,166,2025-12-22 09:59:17,2025-12-23 12:20:17,high,Bug,4
548,139,2025-12-22 12:39:10,2025-12-22 15:25:10,low,Access,
549,167,2025-12-22 17:45:53,2025-12-23 01:51:53,urgent,Performance,5
550,94,2025-12-22 17:59:41,2025-12-23 20:24:41,high,Integration,3
551,71,2025-12-23 09:34:11,2025-12-24 12:21:11,high,Integration,5
552,86,2025-12-24 11:59:16,2025-12-24 20:51:16,medium,Integration,
553,167,2025-12-24 11:59:17,2025-12-24 14:28:17,medium,Integration,5
554,46,2025-12-24 12:00:13,2025-12-27 12:28:13,low,Performance,4
555,5,2025-12-24 12:59:59,2025-12-24 15:12:59,high,Integration,
556,154,2025-12-26 09:39:46,2025-12-29 09:42:46,medium,How-to,
557,2,2025-12-26 11:26:28,,low,Data Import,
558,106,2025-12-27 10:27:50,2026-01-04 18:45:50,low,Integration,3
559,78,2025-12-27 11:19:36,2025-12-27 19:47:36,low,Data Import,4
560,167,2025-12-27 15:54:47,2025-12-28 18:27:47,low,Bug,4
561,73,2025-12-28 06:55:45,,low,How-to,
562,108,2025-12-28 08:02:14,2025-12-28 10:09:14,urgent,Performance,5
563,76,2025-12-28 13:30:33,2025-12-29 16:05:33,low,Bug,5
564,111,2025-12-28 14:39:52,,high,Billing,
565,92,2025-12-28 17:37:26,2025-12-29 02:03:26,urgent,How-to,5
566,95,2025-12-30 10:52:09,2025-12-30 19:43:09,urgent,Data Import,5
567,161,2025-12-30 12:14:41,2025-12-30 15:05:41,low,Bug,4
568,158,2025-12-30 14:14:53,2025-12-30 16:25:53,medium,How-to,5
569,116,2025-12-30 19:52:37,2025-12-31 04:17:37,low,Integration,2
570,166,2025-12-31 12:07:09,2025-12-31 20:13:09,high,How-to,3
571,105,2025-12-31 15:10:38,2025-12-31 17:40:38,low,Billing,4
572,111,2026-01-01 09:05:58,2026-01-01 17:40:58,low,Bug,2
573,142,2026-01-01 10:15:11,2026-01-01 18:57:11,low,Data Import,2
574,176,2026-01-01 11:10:43,2026-01-04 11:50:43,medium,Bug,5
575,74,2026-01-01 11:22:52,2026-01-01 20:00:52,high,Performance,
576,24,2026-01-01 13:30:21,2026-01-01 16:18:21,urgent,Integration,5
577,80,2026-01-01 14:38:46,2026-01-01 22:49:46,high,Billing,
578,117,2026-01-01 15:07:00,2026-01-01 23:39:00,medium,Integration,
579,141,2026-01-02 09:45:29,,medium,Access,
580,140,2026-01-02 10:52:38,2026-01-03 13:22:38,medium,Bug,5
581,125,2026-01-02 18:26:55,,medium,Access,
582,108,2026-01-03 08:17:38,,low,Data Import,
583,20,2026-01-03 10:16:41,2026-01-03 18:37:41,low,Integration,
584,166,2026-01-03 11:13:23,2026-01-03 19:20:23,high,Bug,4
585,3,2026-01-04 11:12:10,2026-01-04 19:51:10,low,How-to,
586,166,2026-01-05 01:54:48,2026-01-13 10:41:48,high,Billing,
587,191,2026-01-05 08:51:42,2026-01-06 11:42:42,low,How-to,5
588,112,2026-01-05 09:58:35,2026-01-05 12:41:35,medium,Bug,2
589,53,2026-01-05 13:32:02,2026-01-05 21:56:02,low,How-to,3
590,2,2026-01-06 10:21:24,2026-01-06 18:24:24,medium,Billing,
591,160,2026-01-07 10:10:39,2026-01-07 18:24:39,medium,How-to,5
592,67,2026-01-08 07:00:57,,medium,Billing,
593,21,2026-01-08 09:41:06,2026-01-08 11:54:06,medium,Integration,3
594,71,2026-01-08 10:37:04,2026-01-16 19:23:04,high,Data Import,3
595,86,2026-01-08 10:58:17,2026-01-09 13:41:17,medium,Performance,5
596,166,2026-01-08 12:15:12,2026-01-11 12:35:12,high,Billing,
597,124,2026-01-09 13:29:46,2026-01-09 15:47:46,low,Billing,5
598,167,2026-01-10 09:32:31,2026-01-10 18:20:31,low,Bug,
599,14,2026-01-10 19:07:15,2026-01-13 19:48:15,medium,Billing,4
600,58,2026-01-11 08:19:50,2026-01-11 10:42:50,low,Data Import,
601,138,2026-01-11 09:10:22,2026-01-12 11:39:22,low,Bug,
602,138,2026-01-12 07:26:25,2026-01-12 16:21:25,high,Integration,2
603,80,2026-01-12 11:29:09,2026-01-13 14:01:09,medium,Billing,
604,3,2026-01-13 11:37:23,2026-01-13 14:17:23,high,Bug,5
605,60,2026-01-13 13:52:14,2026-01-14 16:25:14,medium,Data Import,5
606,60,2026-01-13 14:33:58,,medium,Bug,
607,49,2026-01-13 15:23:55,2026-01-14 18:09:55,urgent,Bug,4
608,73,2026-01-13 16:58:24,2026-01-16 17:15:24,low,Access,1
609,13,2026-01-14 08:29:48,2026-01-14 17:24:48,medium,Data Import,4
610,164,2026-01-15 08:31:01,,medium,Data Import,
611,100,2026-01-15 12:26:30,2026-01-15 21:00:30,low,How-to,4
612,20,2026-01-16 02:34:04,2026-01-16 04:56:04,low,How-to,4
613,21,2026-01-16 05:38:44,,low,Integration,
614,154,2026-01-16 12:41:42,,medium,Billing,
615,192,2026-01-16 12:44:44,2026-01-16 15:13:44,medium,How-to,4
616,135,2026-01-17 09:03:11,2026-01-25 17:10:11,medium,Bug,5
617,30,2026-01-17 13:56:23,2026-01-17 22:12:23,low,How-to,5
618,91,2026-01-17 15:00:22,2026-01-17 17:23:22,medium,Bug,3
619,73,2026-01-17 19:08:11,2026-01-18 04:07:11,medium,Bug,3
620,169,2026-01-18 16:51:39,2026-01-19 00:58:39,medium,Bug,3
621,160,2026-01-19 08:41:35,2026-01-22 09:33:35,medium,Billing,2
622,139,2026-01-19 10:13:35,2026-01-19 18:27:35,medium,Access,3
623,15,2026-01-20 03:25:37,2026-01-20 05:47:37,high,Billing,
624,114,2026-01-20 08:25:11,,medium,Access,
625,170,2026-01-20 19:15:03,2026-01-21 21:43:03,high,Integration,5
626,146,2026-01-21 11:42:29,2026-01-21 13:58:29,low,Bug,5
627,135,2026-01-21 11:45:09,2026-01-21 20:14:09,medium,Performance,
628,191,2026-01-21 16:34:12,2026-01-21 18:36:12,high,Bug,5
629,141,2026-01-21 17:07:57,2026-01-22 19:54:57,high,Bug,4
630,91,2026-01-21 17:12:02,2026-01-21 19:59:02,medium,Billing,
631,15,2026-01-22 03:48:14,2026-01-23 06:24:14,high,Bug,
632,5,2026-01-22 06:56:50,2026-01-22 15:27:50,low,Bug,4
633,9,2026-01-22 10:36:01,2026-01-22 18:40:01,low,Billing,5
634,75,2026-01-22 11:54:38,,low,How-to,
635,76,2026-01-23 12:40:57,2026-01-26 13:05:57,medium,How-to,4
636,100,2026-01-24 08:22:55,2026-01-25 10:56:55,medium,How-to,4
637,33,2026-01-24 10:00:48,2026-01-24 12:06:48,medium,Billing,5
638,2,2026-01-24 11:23:04,2026-01-27 12:02:04,high,Billing,4
639,114,2026-01-24 13:37:11,2026-01-27 14:00:11,medium,How-to,4
640,24,2026-01-25 13:14:16,2026-01-26 15:14:16,high,How-to,
641,102,2026-01-26 14:52:36,2026-01-26 23:05:36,medium,Bug,
642,191,2026-01-26 16:23:13,2026-01-26 18:59:13,medium,How-to,4
643,5,2026-01-27 04:23:52,2026-01-27 07:13:52,low,Billing,
644,94,2026-01-27 06:08:24,2026-01-27 14:23:24,low,Bug,
645,165,2026-01-27 08:43:29,2026-01-30 08:59:29,low,Bug,
646,180,2026-01-27 09:40:02,2026-01-27 18:32:02,medium,Bug,
647,167,2026-01-27 09:46:44,2026-01-30 10:00:44,low,Data Import,4
648,113,2026-01-27 10:32:54,2026-02-04 19:17:54,medium,Bug,3
649,51,2026-01-27 20:08:45,2026-01-27 22:55:45,medium,Integration,
650,195,2026-01-28 14:22:15,,low,Billing,
651,48,2026-01-28 14:39:35,2026-01-28 16:43:35,medium,How-to,4
652,80,2026-01-28 15:01:19,2026-01-31 15:35:19,low,Access,5
653,167,2026-01-29 10:21:05,2026-01-29 12:58:05,urgent,Data Import,
654,1,2026-01-29 21:43:06,2026-02-01 22:35:06,low,Bug,4
655,141,2026-01-30 12:22:41,2026-02-02 12:37:41,low,Performance,2
656,69,2026-01-30 13:29:03,2026-02-02 14:09:03,low,Access,5
657,107,2026-01-30 15:41:53,2026-01-31 18:12:53,low,How-to,4
658,98,2026-01-30 17:49:33,2026-01-31 20:20:33,medium,Data Import,
659,6,2026-01-31 06:54:23,2026-01-31 09:06:23,low,How-to,4
660,129,2026-01-31 13:57:09,,high,Integration,
661,189,2026-02-01 08:16:29,2026-02-04 08:38:29,medium,Data Import,3
662,99,2026-02-01 10:09:24,,low,Billing,
663,63,2026-02-01 18:17:12,2026-02-01 21:12:12,high,How-to,4
664,69,2026-02-01 20:03:42,2026-02-02 22:05:42,high,How-to,5
665,167,2026-02-02 05:10:10,2026-02-02 07:52:10,low,How-to,5
666,27,2026-02-03 21:04:22,2026-02-04 23:31:22,low,Billing,5
667,28,2026-02-04 14:32:50,2026-02-04 17:19:50,medium,Bug,
668,148,2026-02-04 17:38:51,2026-02-05 19:52:51,medium,How-to,4
669,7,2026-02-04 21:31:57,2026-02-04 23:36:57,low,Integration,2
670,98,2026-02-05 09:52:18,2026-02-05 18:34:18,medium,Bug,
671,5,2026-02-05 11:03:15,2026-02-05 19:10:15,low,How-to,2
672,115,2026-02-05 13:23:33,2026-02-05 21:40:33,low,Bug,
673,115,2026-02-05 14:46:16,2026-02-06 17:35:16,medium,Performance,3
674,102,2026-02-05 19:27:33,2026-02-06 03:45:33,high,Performance,4
675,143,2026-02-06 06:53:54,2026-02-06 15:40:54,high,Billing,5
676,166,2026-02-06 11:45:12,2026-02-06 13:47:12,low,Integration,
677,114,2026-02-06 22:02:50,2026-02-07 06:41:50,medium,Integration,
678,11,2026-02-07 08:33:10,2026-02-07 16:41:10,urgent,How-to,1
679,129,2026-02-07 13:14:44,2026-02-07 21:27:44,medium,Access,5
680,197,2026-02-08 10:23:02,2026-02-09 12:26:02,high,Bug,
681,166,2026-02-08 11:32:13,,medium,Integration,
682,180,2026-02-09 08:09:07,2026-02-09 10:28:07,high,Integration,4
683,156,2026-02-10 06:17:46,,medium,Integration,
684,200,2026-02-11 08:08:11,2026-02-12 10:49:11,low,Integration,2
685,73,2026-02-11 15:58:36,2026-02-12 00:10:36,medium,How-to,4
686,157,2026-02-11 21:18:13,2026-02-20 05:58:13,high,Data Import,
687,166,2026-02-12 07:31:36,2026-02-15 08:15:36,urgent,How-to,5
688,18,2026-02-12 08:40:29,2026-02-12 17:18:29,medium,How-to,3
689,123,2026-02-12 10:15:51,2026-02-13 12:26:51,low,Integration,2
690,107,2026-02-12 10:25:37,2026-02-12 19:22:37,urgent,Access,
691,157,2026-02-12 12:32:20,2026-02-15 13:03:20,urgent,How-to,5
692,167,2026-02-12 14:34:48,2026-02-12 23:24:48,high,Billing,2
693,151,2026-02-12 17:09:57,2026-02-13 01:52:57,urgent,Integration,5
694,108,2026-02-13 10:12:55,,urgent,How-to,
695,13,2026-02-13 14:05:22,2026-02-13 16:59:22,low,Integration,
696,169,2026-02-13 16:07:52,2026-02-14 00:28:52,high,How-to,4
697,150,2026-02-13 18:51:47,2026-02-13 21:43:47,low,Bug,4
698,176,2026-02-14 09:18:07,2026-02-15 11:43:07,medium,Bug,
699,11,2026-02-14 10:23:41,2026-02-15 12:31:41,high,Integration,2
700,129,2026-02-14 15:22:17,2026-02-15 00:06:17,high,Integration,5
701,141,2026-02-15 11:22:39,2026-02-18 12:21:39,urgent,Integration,4
702,107,2026-02-15 13:11:15,,high,Data Import,
703,60,2026-02-15 15:31:10,2026-02-15 18:22:10,high,Billing,4
704,152,2026-02-16 03:33:29,2026-02-19 04:27:29,urgent,Integration,4
705,51,2026-02-16 14:51:58,2026-02-19 15:36:58,medium,Bug,4
706,60,2026-02-17 00:06:58,2026-02-17 08:20:58,urgent,Billing,
707,169,2026-02-18 10:43:12,2026-02-18 19:15:12,medium,Billing,
708,11,2026-02-18 14:50:34,2026-02-18 17:07:34,high,Billing,5
709,62,2026-02-18 18:03:52,2026-02-18 20:24:52,medium,How-to,4
710,107,2026-02-19 07:39:40,2026-02-22 08:25:40,medium,Integration,5
711,99,2026-02-19 15:09:29,2026-02-19 23:11:29,high,Data Import,
712,166,2026-02-20 05:37:53,2026-02-23 05:37:53,urgent,Billing,
713,74,2026-02-20 08:52:38,2026-02-20 11:34:38,medium,Bug,4
714,198,2026-02-20 09:03:18,2026-02-20 17:08:18,low,Performance,
715,186,2026-02-20 10:54:22,2026-02-23 11:01:22,high,Bug,4
716,63,2026-02-20 11:31:22,2026-02-21 14:06:22,medium,Billing,5
717,73,2026-02-20 15:12:12,2026-02-20 23:31:12,high,Data Import,2
718,63,2026-02-20 15:21:16,2026-02-20 23:42:16,low,Access,
719,150,2026-02-20 15:33:01,2026-02-20 18:12:01,medium,Billing,4
720,108,2026-02-20 18:01:27,2026-02-21 20:22:27,high,Performance,4
721,167,2026-02-21 05:12:40,2026-02-22 07:56:40,medium,Bug,
722,20,2026-02-22 08:41:47,2026-02-22 17:03:47,medium,How-to,4
723,147,2026-02-23 08:35:35,2026-02-23 10:38:35,urgent,Integration,5
724,27,2026-02-23 10:58:51,2026-02-23 13:06:51,medium,Bug,4
725,71,2026-02-23 14:20:42,2026-03-03 22:42:42,medium,Bug,
726,130,2026-02-23 19:45:08,2026-02-23 22:32:08,low,Bug,5
727,117,2026-02-24 07:05:43,,high,Integration,
728,48,2026-02-25 07:32:46,2026-02-25 10:11:46,urgent,Integration,5
729,144,2026-02-25 09:16:41,,medium,How-to,
730,172,2026-02-25 11:46:32,2026-02-26 14:21:32,medium,Bug,5
731,139,2026-02-25 13:45:44,2026-02-25 22:00:44,high,How-to,
732,23,2026-02-25 18:30:45,2026-02-25 21:03:45,high,Integration,4
733,180,2026-02-25 20:28:25,2026-02-26 23:14:25,high,Data Import,5
734,156,2026-02-26 04:06:26,2026-03-06 12:22:26,high,Integration,5
735,107,2026-02-26 08:13:55,2026-02-26 10:20:55,high,Data Import,5
736,71,2026-02-26 08:40:34,2026-03-01 08:40:34,medium,Integration,5
737,47,2026-02-26 08:59:15,2026-02-26 17:19:15,medium,Integration,4
738,107,2026-02-26 13:24:32,2026-02-26 22:03:32,medium,Integration,
739,55,2026-02-26 13:35:21,2026-02-26 15:43:21,high,Data Import,5
740,51,2026-02-26 19:27:35,2026-02-27 03:52:35,low,How-to,2
741,172,2026-02-27 06:40:07,,low,Integration,
742,23,2026-02-27 13:42:02,2026-02-27 15:43:02,medium,Integration,4
743,146,2026-02-28 11:58:55,2026-03-08 20:22:55,medium,Performance,5
744,167,2026-03-01 06:52:04,2026-03-02 09:22:04,urgent,Access,3
745,17,2026-03-01 08:56:34,2026-03-04 09:25:34,low,Bug,
746,24,2026-03-01 19:03:57,2026-03-01 21:37:57,low,Integration,
747,18,2026-03-02 09:00:09,2026-03-02 17:41:09,low,Data Import,5
748,10,2026-03-02 09:31:54,,high,Access,
749,64,2026-03-03 10:01:06,,medium,Billing,
750,12,2026-03-03 14:49:38,2026-03-06 15:43:38,medium,Billing,
751,72,2026-03-04 12:47:04,2026-03-07 12:49:04,medium,How-to,
752,98,2026-03-04 14:43:21,2026-03-07 15:08:21,low,Access,5
753,102,2026-03-04 16:53:29,,medium,Bug,
754,143,2026-03-05 07:04:54,2026-03-06 09:48:54,medium,Integration,
755,51,2026-03-05 08:19:32,2026-03-06 10:31:32,high,Access,3
756,3,2026-03-05 09:53:05,2026-03-05 18:31:05,high,Access,
757,145,2026-03-05 12:36:59,2026-03-06 14:51:59,medium,Data Import,4
758,2,2026-03-05 13:23:06,2026-03-05 16:18:06,high,Bug,5
759,99,2026-03-05 14:03:33,2026-03-06 16:07:33,low,Bug,3
760,154,2026-03-05 17:18:45,2026-03-14 01:31:45,high,Integration,4
761,91,2026-03-06 10:39:31,,low,Performance,
762,99,2026-03-06 14:26:39,,medium,Integration,
763,96,2026-03-07 05:02:27,2026-03-07 13:25:27,low,Bug,2
764,176,2026-03-07 08:14:35,2026-03-07 16:20:35,medium,Bug,4
765,110,2026-03-07 10:11:02,2026-03-07 12:17:02,medium,Integration,4
766,26,2026-03-07 10:55:29,2026-03-07 19:31:29,high,Integration,5
767,18,2026-03-07 15:44:26,2026-03-16 00:43:26,low,Bug,5
768,157,2026-03-08 03:24:48,2026-03-08 11:45:48,medium,How-to,4
769,180,2026-03-08 13:09:34,,low,How-to,
770,90,2026-03-08 15:17:57,2026-03-09 17:23:57,high,Access,2
771,157,2026-03-08 15:31:19,2026-03-08 18:18:19,medium,Integration,
772,180,2026-03-08 16:50:11,2026-03-09 00:57:11,low,Bug,
773,177,2026-03-09 08:26:10,,low,How-to,
774,88,2026-03-09 09:12:16,,medium,How-to,
775,81,2026-03-09 13:44:18,2026-03-10 16:05:18,medium,Integration,4
776,169,2026-03-09 16:26:41,2026-03-10 19:05:41,high,How-to,
777,82,2026-03-10 09:11:55,2026-03-10 17:15:55,urgent,How-to,3
778,15,2026-03-10 11:45:29,2026-03-11 14:18:29,high,Access,2
779,167,2026-03-10 12:06:01,2026-03-10 14:47:01,medium,Billing,5
780,21,2026-03-10 13:02:10,2026-03-10 15:03:10,high,Integration,5
781,2,2026-03-11 10:33:17,2026-03-12 12:49:17,low,Performance,5
782,193,2026-03-11 11:46:39,2026-03-14 12:08:39,high,Data Import,5
783,63,2026-03-11 14:01:22,,low,Performance,
784,75,2026-03-12 06:05:00,2026-03-20 14:58:00,low,Integration,5
785,86,2026-03-12 08:47:40,2026-03-13 11:46:40,medium,Data Import,
786,53,2026-03-12 12:15:34,2026-03-12 20:44:34,low,Bug,4
787,142,2026-03-12 16:02:38,2026-03-12 18:42:38,low,How-to,2
788,73,2026-03-12 19:40:41,2026-03-12 22:17:41,high,Access,3
789,15,2026-03-12 20:08:02,2026-03-12 22:10:02,high,Integration,5
790,157,2026-03-13 10:32:31,2026-03-13 18:39:31,low,Access,
791,94,2026-03-13 15:05:49,2026-03-16 15:53:49,low,Performance,4
792,45,2026-03-14 10:00:19,2026-03-14 12:47:19,low,Billing,
793,135,2026-03-14 12:17:25,2026-03-15 14:46:25,high,Integration,
794,139,2026-03-14 15:25:45,2026-03-15 00:03:45,high,How-to,4
795,122,2026-03-14 17:59:29,2026-03-14 20:22:29,low,Billing,2
796,58,2026-03-15 09:23:49,2026-03-15 11:48:49,low,Bug,5
797,200,2026-03-15 11:04:34,2026-03-15 13:50:34,high,Billing,
798,109,2026-03-15 12:27:42,2026-03-15 14:42:42,high,Integration,4
799,38,2026-03-15 13:31:29,2026-03-15 16:15:29,medium,Bug,
800,47,2026-03-15 15:48:42,2026-03-16 18:34:42,medium,How-to,4
801,15,2026-03-15 20:22:51,2026-03-16 22:27:51,high,Data Import,
802,63,2026-03-15 21:28:21,,low,Billing,
803,72,2026-03-16 08:50:37,2026-03-17 11:45:37,urgent,Bug,3
804,151,2026-03-16 10:10:12,2026-03-16 18:36:12,low,How-to,5
805,74,2026-03-16 21:57:23,2026-03-19 22:15:23,high,Bug,4
806,112,2026-03-17 06:00:49,2026-03-18 08:52:49,high,How-to,
807,73,2026-03-17 12:45:07,2026-03-17 21:27:07,low,Performance,2
808,95,2026-03-17 15:59:01,2026-03-18 18:42:01,medium,Integration,5
809,63,2026-03-17 21:04:08,2026-03-18 05:14:08,medium,How-to,3
810,67,2026-03-18 08:30:54,2026-03-18 16:58:54,low,Billing,3
811,87,2026-03-18 09:05:00,2026-03-18 17:45:00,medium,Integration,4
812,46,2026-03-18 09:05:26,2026-03-21 09:07:26,high,Access,1
813,141,2026-03-18 09:52:00,2026-03-18 12:26:00,medium,How-to,4
814,110,2026-03-18 19:27:30,2026-03-19 03:41:30,urgent,How-to,4
815,88,2026-03-19 09:48:33,,high,Data Import,
816,99,2026-03-19 10:59:19,,urgent,Billing,
817,147,2026-03-19 12:29:56,2026-03-19 15:14:56,low,Bug,4
818,191,2026-03-19 12:34:25,2026-03-19 15:31:25,high,Billing,2
819,6,2026-03-20 03:57:19,2026-03-28 12:56:19,low,Performance,4
820,33,2026-03-20 17:08:37,2026-03-21 20:03:37,low,How-to,5
821,108,2026-03-21 10:47:59,2026-03-24 11:18:59,medium,How-to,5
822,57,2026-03-22 03:13:57,2026-03-22 05:43:57,high,How-to,4
823,42,2026-03-22 07:20:58,2026-03-23 10:02:58,low,How-to,4
824,123,2026-03-22 11:17:33,2026-03-22 19:30:33,high,Performance,4
825,164,2026-03-22 17:47:02,2026-03-25 18:07:02,medium,Billing,
826,145,2026-03-23 10:28:41,2026-03-26 11:22:41,high,Integration,
827,118,2026-03-23 11:32:05,2026-03-23 14:06:05,high,How-to,2
828,93,2026-03-24 11:59:06,2026-04-01 20:55:06,low,Access,4
829,57,2026-03-24 13:54:50,2026-03-27 13:54:50,low,How-to,4
830,118,2026-03-24 14:36:12,2026-03-24 17:31:12,high,Integration,5
831,77,2026-03-24 18:01:51,2026-03-24 20:40:51,low,Data Import,
832,80,2026-03-24 19:26:05,2026-03-25 03:27:05,medium,Bug,5
833,37,2026-03-25 17:42:13,2026-03-26 02:22:13,urgent,Billing,5
834,51,2026-03-25 20:43:11,2026-04-03 04:52:11,low,Integration,
835,79,2026-03-26 05:36:35,2026-03-26 07:50:35,low,How-to,4
836,138,2026-03-26 12:19:17,2026-03-27 14:22:17,urgent,How-to,2
837,81,2026-03-26 14:41:18,2026-03-26 22:55:18,medium,How-to,
838,176,2026-03-27 00:53:02,2026-03-27 03:41:02,high,Integration,4
839,199,2026-03-27 09:42:56,2026-04-04 17:48:56,low,Integration,5
840,24,2026-03-27 10:16:41,2026-03-27 12:28:41,high,Bug,1
841,189,2026-03-27 16:09:53,2026-03-28 18:25:53,low,Integration,5
842,18,2026-03-27 17:18:14,,low,How-to,
843,186,2026-03-28 11:37:28,2026-03-28 20:11:28,low,How-to,2
844,59,2026-03-28 13:42:08,2026-03-29 15:55:08,medium,How-to,
845,164,2026-03-29 06:46:03,2026-04-06 15:07:03,medium,Billing,4
846,45,2026-03-29 09:36:54,,medium,Integration,
847,147,2026-03-29 11:37:44,2026-03-29 19:48:44,medium,Integration,
848,64,2026-03-29 12:25:40,2026-03-29 21:15:40,high,How-to,4
849,59,2026-03-29 13:43:38,2026-03-30 15:48:38,medium,How-to,5
850,159,2026-03-29 20:24:27,2026-04-01 20:24:27,low,Integration,1
851,26,2026-03-30 09:00:12,2026-04-02 09:32:12,urgent,Access,5
852,176,2026-03-30 12:06:31,2026-03-30 15:01:31,high,Bug,4
853,15,2026-03-30 12:29:31,2026-04-02 12:49:31,high,Performance,
854,191,2026-03-30 15:57:13,2026-03-31 00:23:13,high,Integration,4
855,157,2026-03-31 07:42:51,2026-04-03 07:59:51,high,How-to,4
856,71,2026-03-31 09:19:21,2026-03-31 12:09:21,high,Integration,4
857,21,2026-03-31 16:43:30,,low,Bug,
858,129,2026-03-31 17:15:33,2026-04-01 02:06:33,urgent,How-to,4
859,12,2026-04-01 08:03:12,2026-04-04 09:01:12,medium,Integration,4
860,72,2026-04-01 14:41:52,,high,Integration,
861,93,2026-04-01 15:55:06,2026-04-01 18:36:06,medium,Billing,3
862,44,2026-04-02 03:10:52,,medium,Bug,
863,8,2026-04-02 08:01:47,2026-04-03 10:38:47,medium,Bug,5
864,26,2026-04-02 09:23:02,,medium,Billing,
865,100,2026-04-02 10:02:19,2026-04-05 10:40:19,high,How-to,5
866,48,2026-04-02 16:43:00,2026-04-03 18:58:00,urgent,Bug,
867,44,2026-04-02 17:36:15,2026-04-11 02:12:15,low,Access,4
868,176,2026-04-02 19:56:01,2026-04-03 04:21:01,medium,Bug,4
869,15,2026-04-02 22:57:51,2026-04-03 01:21:51,medium,Performance,4
870,51,2026-04-03 07:28:17,2026-04-03 16:14:17,high,Integration,5
871,144,2026-04-03 11:55:16,2026-04-04 14:40:16,medium,How-to,
872,15,2026-04-03 12:55:39,2026-04-03 15:23:39,low,How-to,3
873,3,2026-04-03 13:06:29,,urgent,Integration,
874,157,2026-04-03 15:55:20,,high,Access,
875,172,2026-04-03 17:35:10,2026-04-04 19:58:10,medium,Integration,5
876,109,2026-04-04 00:14:59,2026-04-07 00:15:59,urgent,Billing,4
877,81,2026-04-04 10:03:37,2026-04-04 18:06:37,high,Integration,4
878,21,2026-04-04 15:01:03,2026-04-12 23:56:03,medium,Billing,5
879,72,2026-04-04 15:16:07,2026-04-05 17:40:07,low,Bug,4
880,166,2026-04-05 11:24:02,2026-04-05 19:26:02,medium,Bug,
881,114,2026-04-05 13:13:30,,low,Bug,
882,40,2026-04-05 15:02:53,,high,How-to,
883,147,2026-04-05 17:16:04,2026-04-08 17:47:04,low,Integration,1
884,145,2026-04-05 20:37:06,2026-04-08 21:17:06,urgent,Billing,2
885,144,2026-04-06 14:05:35,2026-04-09 14:35:35,low,Bug,5
886,125,2026-04-06 15:57:45,2026-04-07 00:13:45,medium,Integration,
887,1,2026-04-07 08:43:57,2026-04-15 17:41:57,low,Access,4
888,63,2026-04-08 01:54:47,2026-04-11 02:21:47,low,Data Import,5
889,130,2026-04-08 08:16:06,2026-04-08 17:05:06,medium,Bug,4
890,192,2026-04-08 09:21:14,2026-04-08 18:16:14,medium,How-to,
891,51,2026-04-08 13:00:05,2026-04-08 15:54:05,medium,Integration,5
892,121,2026-04-08 15:35:09,,low,Integration,
893,63,2026-04-08 16:38:08,2026-04-09 00:54:08,high,Performance,
894,156,2026-04-09 09:10:15,2026-04-09 11:38:15,medium,Billing,
895,43,2026-04-09 11:23:13,2026-04-09 20:20:13,high,Bug,
896,109,2026-04-09 11:45:05,2026-04-09 14:25:05,medium,Integration,4
897,111,2026-04-09 12:57:17,2026-04-09 21:06:17,medium,Integration,5
898,38,2026-04-09 15:05:43,2026-04-09 17:44:43,low,Performance,3
899,43,2026-04-09 18:26:25,2026-04-10 02:57:25,medium,How-to,3
900,99,2026-04-10 06:53:24,,medium,How-to,
901,2,2026-04-10 07:50:33,2026-04-10 16:15:33,high,Integration,
902,94,2026-04-10 09:49:14,2026-04-18 18:48:14,medium,How-to,
903,147,2026-04-10 20:49:44,2026-04-11 23:39:44,low,Data Import,5
904,143,2026-04-11 06:40:36,2026-04-14 06:45:36,high,Bug,5
905,150,2026-04-11 16:12:06,2026-04-12 00:37:06,medium,Billing,5
906,81,2026-04-11 20:52:39,2026-04-14 21:09:39,medium,Billing,3
907,59,2026-04-12 03:57:31,,urgent,How-to,
908,35,2026-04-12 09:24:14,2026-04-12 17:26:14,high,Billing,
909,191,2026-04-12 11:32:23,2026-04-12 20:26:23,medium,Integration,
910,185,2026-04-12 22:00:52,2026-04-15 22:58:52,low,Billing,3
911,129,2026-04-13 05:16:25,2026-04-13 13:22:25,high,Billing,5
912,199,2026-04-13 09:33:18,2026-04-13 17:50:18,high,Billing,
913,111,2026-04-13 12:23:25,2026-04-16 13:11:25,medium,Billing,
914,145,2026-04-13 13:44:38,2026-04-13 22:38:38,high,Integration,
915,35,2026-04-14 06:17:39,2026-04-14 08:49:39,medium,Bug,5
916,123,2026-04-14 09:02:39,2026-04-15 11:24:39,low,Integration,5
917,145,2026-04-14 13:57:29,2026-04-22 22:29:29,medium,How-to,3
918,112,2026-04-14 14:00:29,2026-04-14 22:29:29,low,How-to,5
919,18,2026-04-14 14:49:44,2026-04-17 14:56:44,low,Bug,5
920,2,2026-04-14 15:37:26,2026-04-15 17:56:26,medium,Bug,5
921,33,2026-04-14 16:20:12,2026-04-14 18:22:12,medium,Performance,4
922,65,2026-04-15 06:41:26,2026-04-15 09:32:26,medium,How-to,
923,2,2026-04-15 10:35:21,2026-04-15 12:35:21,low,Integration,5
924,44,2026-04-15 10:59:11,2026-04-15 13:06:11,urgent,Data Import,
925,109,2026-04-15 11:57:43,2026-04-16 14:17:43,urgent,How-to,3
926,147,2026-04-15 12:22:52,2026-04-18 13:03:52,low,Integration,4
927,76,2026-04-15 12:58:23,,medium,How-to,
928,111,2026-04-16 01:50:12,2026-04-17 04:05:12,medium,Data Import,2
929,145,2026-04-16 10:41:39,2026-04-17 13:21:39,medium,Billing,4
930,188,2026-04-16 11:17:05,2026-04-17 13:37:05,high,How-to,
931,107,2026-04-16 12:20:38,2026-04-19 12:22:38,medium,How-to,3
932,100,2026-04-16 17:56:26,2026-04-17 02:51:26,medium,How-to,2
933,171,2026-04-16 21:13:31,2026-04-17 00:12:31,medium,How-to,5
934,74,2026-04-17 09:53:54,2026-04-17 12:12:54,high,How-to,3
935,102,2026-04-17 12:21:09,2026-04-20 12:33:09,medium,Billing,4
936,3,2026-04-17 16:40:52,,low,Access,
937,38,2026-04-17 17:04:23,2026-04-18 01:20:23,high,Integration,4
938,18,2026-04-17 17:38:29,2026-04-18 20:02:29,medium,How-to,5
939,116,2026-04-17 21:39:51,2026-04-19 00:33:51,medium,Data Import,4
940,138,2026-04-18 17:46:21,2026-04-19 02:02:21,high,How-to,3
941,3,2026-04-18 17:50:21,2026-04-18 20:26:21,low,Integration,4
942,96,2026-04-19 07:47:43,,low,Data Import,
943,118,2026-04-19 14:04:02,,medium,Performance,
944,111,2026-04-19 16:01:59,2026-04-19 18:43:59,medium,Bug,3
945,63,2026-04-20 14:35:34,2026-04-21 16:47:34,low,Integration,5
946,15,2026-04-20 16:51:46,2026-04-20 19:34:46,medium,How-to,5
947,75,2026-04-21 04:53:05,2026-04-21 07:51:05,medium,Bug,3
948,114,2026-04-21 07:17:53,2026-04-21 16:07:53,high,Bug,
949,81,2026-04-21 09:23:41,,medium,Integration,
950,139,2026-04-21 10:23:54,2026-04-21 19:06:54,low,Integration,4
951,122,2026-04-21 13:08:21,2026-04-21 15:28:21,medium,Data Import,3
952,48,2026-04-21 14:17:28,2026-04-21 22:21:28,low,Integration,5
953,171,2026-04-21 16:14:37,2026-04-21 18:44:37,medium,Integration,
954,115,2026-04-22 04:11:42,2026-04-25 05:00:42,medium,Integration,4
955,88,2026-04-22 09:07:13,2026-04-22 11:29:13,medium,Bug,
956,99,2026-04-22 12:23:29,,high,Access,
957,59,2026-04-22 14:02:21,2026-04-22 16:51:21,medium,How-to,3
958,17,2026-04-22 16:40:54,2026-04-23 01:08:54,low,How-to,
959,30,2026-04-23 10:01:08,2026-04-24 12:07:08,medium,Access,4
960,94,2026-04-23 10:11:40,2026-04-26 11:01:40,low,Integration,4
961,38,2026-04-23 10:43:15,2026-04-23 13:30:15,low,Bug,5
962,118,2026-04-23 11:15:37,2026-04-26 11:42:37,low,Access,
963,96,2026-04-23 15:57:13,2026-04-23 18:14:13,medium,Access,
964,26,2026-04-24 07:10:54,2026-04-25 09:14:54,high,Integration,3
965,151,2026-04-24 13:45:29,2026-04-24 22:17:29,high,Bug,5
966,140,2026-04-24 14:01:38,2026-04-24 22:31:38,medium,Access,5
967,37,2026-04-24 15:15:43,2026-04-24 17:43:43,medium,How-to,5
968,87,2026-04-24 16:06:30,2026-04-24 19:04:30,low,Integration,3
969,128,2026-04-25 11:30:59,2026-04-25 14:08:59,medium,Integration,3
970,68,2026-04-25 11:52:52,2026-04-25 13:54:52,medium,Access,4
971,108,2026-04-25 12:36:00,2026-04-25 15:32:00,high,How-to,2
972,176,2026-04-26 05:10:00,2026-04-26 08:07:00,medium,Data Import,
973,128,2026-04-26 07:01:42,2026-04-27 09:59:42,high,Data Import,
974,23,2026-04-26 07:27:03,2026-04-26 15:43:03,low,How-to,5
975,145,2026-04-26 13:02:50,2026-05-04 21:47:50,low,Integration,
976,90,2026-04-26 13:27:04,2026-04-27 16:09:04,urgent,Integration,5
977,163,2026-04-26 18:52:06,2026-04-27 03:22:06,low,Billing,2
978,122,2026-04-27 06:51:49,2026-04-28 09:30:49,low,How-to,4
979,2,2026-04-27 08:37:59,2026-04-30 08:46:59,low,Billing,5
980,88,2026-04-27 09:04:07,2026-04-30 09:55:07,high,Integration,4
981,98,2026-04-27 09:46:03,,low,How-to,
982,198,2026-04-27 10:33:45,,medium,Performance,
983,111,2026-04-27 23:14:12,2026-04-28 01:14:12,medium,Bug,4
984,97,2026-04-28 09:41:00,2026-04-28 11:47:00,medium,How-to,5
985,52,2026-04-28 10:17:54,2026-05-06 19:12:54,low,Integration,5
986,83,2026-04-28 13:54:48,2026-04-28 22:29:48,high,Billing,5
987,2,2026-04-29 11:06:24,2026-04-29 13:28:24,medium,How-to,4
988,26,2026-04-29 14:23:09,2026-05-02 14:38:09,medium,Integration,
989,190,2026-04-29 16:50:43,2026-04-30 01:47:43,medium,How-to,
990,141,2026-04-29 17:11:06,,medium,Performance,
991,171,2026-04-30 09:55:52,2026-04-30 12:38:52,low,How-to,4
992,44,2026-04-30 11:53:04,2026-04-30 20:07:04,low,Integration,1
993,99,2026-04-30 12:10:16,2026-04-30 20:54:16,medium,Bug,5
994,123,2026-04-30 13:13:27,2026-04-30 15:26:27,low,Data Import,
995,59,2026-04-30 13:13:50,2026-05-01 15:43:50,high,Data Import,
996,123,2026-05-01 10:58:04,2026-05-01 19:04:04,low,How-to,
997,57,2026-05-01 12:41:22,2026-05-01 15:07:22,medium,How-to,2
998,47,2026-05-01 16:57:56,2026-05-04 17:56:56,low,Integration,4
999,154,2026-05-01 18:19:29,2026-05-02 02:29:29,medium,Integration,3
1000,135,2026-05-01 20:23:04,2026-05-02 23:13:04,medium,How-to,3
1001,122,2026-05-02 04:39:55,2026-05-02 13:02:55,urgent,How-to,4
1002,96,2026-05-02 05:21:17,2026-05-02 13:30:17,high,Integration,3
1003,130,2026-05-02 07:44:03,2026-05-03 10:28:03,medium,Integration,4
1004,80,2026-05-02 16:43:41,2026-05-03 19:18:41,high,How-to,3
1005,188,2026-05-02 17:33:38,2026-05-03 19:35:38,medium,Bug,5
1006,107,2026-05-03 08:48:09,2026-05-06 08:53:09,high,Data Import,
1007,109,2026-05-03 11:44:38,2026-05-04 13:54:38,low,Integration,3
1008,169,2026-05-03 12:51:19,,low,Data Import,
1009,10,2026-05-03 14:08:25,2026-05-06 15:03:25,high,Integration,5
1010,145,2026-05-03 15:35:02,2026-05-06 16:00:02,medium,Bug,5
1011,50,2026-05-04 01:06:50,2026-05-04 03:20:50,medium,How-to,
1012,117,2026-05-04 05:49:42,2026-05-04 14:15:42,medium,Bug,
1013,60,2026-05-04 07:30:52,,high,Bug,
1014,188,2026-05-04 07:54:36,2026-05-05 10:46:36,high,Integration,
1015,127,2026-05-04 12:21:41,2026-05-04 20:58:41,low,Access,
1016,123,2026-05-04 13:32:44,,low,Billing,
1017,5,2026-05-05 16:00:13,2026-05-06 00:31:13,high,How-to,4
1018,59,2026-05-05 16:50:30,2026-05-05 18:53:30,medium,How-to,5
1019,199,2026-05-05 19:10:33,2026-05-06 21:17:33,low,How-to,
1020,63,2026-05-06 11:04:14,2026-05-14 19:54:14,low,How-to,
1021,147,2026-05-06 12:57:04,2026-05-06 21:04:04,high,How-to,5
1022,23,2026-05-06 16:04:47,2026-05-07 00:08:47,low,Access,5
1023,171,2026-05-07 07:30:41,,low,Bug,
1024,127,2026-05-07 09:11:47,2026-05-07 11:22:47,medium,Bug,1
1025,81,2026-05-07 09:13:28,2026-05-07 11:13:28,low,Bug,4
1026,80,2026-05-07 17:44:03,2026-05-07 20:03:03,high,Access,
1027,190,2026-05-09 09:06:58,2026-05-10 11:10:58,high,How-to,3
1028,156,2026-05-09 10:40:26,,medium,Performance,
1029,123,2026-05-09 10:43:56,2026-05-10 13:19:56,high,Bug,4
1030,66,2026-05-09 11:44:49,,low,Bug,
1031,144,2026-05-09 12:20:06,2026-05-09 14:50:06,high,Access,
1032,88,2026-05-09 16:39:09,2026-05-10 01:29:09,high,Bug,4
1033,123,2026-05-10 03:13:58,2026-05-18 11:55:58,low,Data Import,5
1034,145,2026-05-10 06:16:59,2026-05-13 06:36:59,medium,Billing,5
1035,83,2026-05-10 13:21:45,2026-05-13 14:20:45,medium,How-to,5
1036,26,2026-05-10 17:17:46,,high,Billing,
1037,60,2026-05-11 05:55:55,2026-05-14 06:11:55,low,How-to,1
1038,66,2026-05-11 16:36:49,2026-05-12 19:33:49,high,Bug,2
1039,8,2026-05-11 21:05:03,2026-05-11 23:51:03,medium,Integration,
1040,94,2026-05-11 23:24:32,2026-05-12 02:22:32,medium,Bug,5
1041,106,2026-05-12 08:03:01,2026-05-12 10:13:01,low,Integration,2
1042,172,2026-05-12 09:31:38,,urgent,Bug,
1043,18,2026-05-12 11:08:11,2026-05-12 14:05:11,high,Billing,5
1044,66,2026-05-12 14:14:31,2026-05-12 22:17:31,medium,Billing,
1045,118,2026-05-12 16:45:46,2026-05-13 19:09:46,medium,Data Import,4
1046,172,2026-05-13 07:15:56,,urgent,How-to,
1047,178,2026-05-13 09:52:24,2026-05-13 12:01:24,low,How-to,5
1048,32,2026-05-13 10:36:19,2026-05-13 13:07:19,medium,Bug,4
1049,184,2026-05-13 11:24:14,2026-05-14 13:59:14,urgent,How-to,5
1050,121,2026-05-13 14:08:04,2026-05-13 22:20:04,medium,Integration,3
1051,18,2026-05-13 21:46:56,2026-05-22 06:29:56,high,Data Import,
1052,14,2026-05-14 08:30:37,2026-05-14 17:14:37,medium,Billing,3
1053,63,2026-05-14 10:21:09,2026-05-22 19:18:09,low,Data Import,
1054,1,2026-05-14 11:25:46,2026-05-22 19:29:46,medium,Integration,5
1055,135,2026-05-15 06:16:40,2026-05-15 09:08:40,low,Billing,5
1056,107,2026-05-15 08:22:18,2026-05-18 09:07:18,medium,Bug,4
1057,130,2026-05-15 09:34:17,2026-05-15 18:23:17,medium,Data Import,5
1058,186,2026-05-15 11:38:20,2026-05-15 20:08:20,high,Bug,3
1059,60,2026-05-15 12:46:29,2026-05-15 21:34:29,low,How-to,4
1060,38,2026-05-16 04:46:31,2026-05-19 04:53:31,low,Billing,3
1061,151,2026-05-16 10:54:52,2026-05-17 13:25:52,medium,How-to,
1062,117,2026-05-16 11:20:27,2026-05-16 19:41:27,high,Bug,5
1063,38,2026-05-16 15:08:11,2026-05-24 23:51:11,medium,Billing,5
1064,123,2026-05-17 00:05:14,2026-05-18 02:46:14,medium,Integration,5
1065,21,2026-05-17 01:58:19,2026-05-17 04:30:19,medium,Performance,3
1066,82,2026-05-17 08:06:49,2026-05-17 16:28:49,urgent,Billing,3
1067,109,2026-05-17 18:16:21,2026-05-17 21:03:21,medium,Bug,
1068,51,2026-05-17 19:24:58,2026-05-17 21:35:58,low,Bug,5
1069,184,2026-05-18 05:50:26,2026-05-18 14:35:26,medium,Billing,5
1070,16,2026-05-18 06:59:58,2026-05-18 09:05:58,medium,Integration,5
1071,57,2026-05-18 11:16:44,2026-05-18 20:11:44,medium,Integration,2
1072,122,2026-05-18 15:13:58,,medium,Data Import,
1073,136,2026-05-18 17:23:19,2026-05-18 19:27:19,low,How-to,
1074,136,2026-05-19 07:27:42,2026-05-19 16:23:42,high,Integration,
1075,136,2026-05-19 07:29:39,2026-05-27 16:27:39,medium,Performance,5
1076,81,2026-05-19 08:16:31,2026-05-19 10:30:31,medium,Integration,4
1077,38,2026-05-19 10:22:28,2026-05-19 18:48:28,urgent,How-to,3
1078,66,2026-05-19 11:53:38,2026-05-19 13:53:38,medium,Bug,4
1079,199,2026-05-19 13:25:58,2026-05-20 15:56:58,medium,Data Import,5
1080,65,2026-05-19 16:04:55,2026-05-20 18:55:55,low,How-to,
1081,13,2026-05-19 22:42:42,,high,How-to,
1082,49,2026-05-20 12:55:27,2026-05-21 15:25:27,medium,Integration,5
1083,135,2026-05-20 18:03:18,2026-05-21 02:29:18,high,Integration,3
1084,191,2026-05-21 08:01:57,,medium,How-to,
1085,172,2026-05-21 08:24:06,2026-05-21 11:20:06,medium,Billing,1
1086,57,2026-05-21 10:03:34,2026-05-24 10:05:34,urgent,Bug,5
1087,48,2026-05-21 10:30:02,2026-05-21 12:57:02,medium,Access,
1088,130,2026-05-21 13:22:28,2026-05-21 15:57:28,high,Bug,5
1089,123,2026-05-21 13:28:07,2026-05-21 21:41:07,medium,Data Import,
1090,123,2026-05-22 00:16:19,2026-05-22 09:14:19,low,Performance,
1091,23,2026-05-22 07:39:10,,high,How-to,
1092,54,2026-05-22 10:47:59,2026-05-25 11:46:59,medium,How-to,4
1093,137,2026-05-22 12:25:37,2026-05-23 15:09:37,high,Access,
1094,130,2026-05-22 13:26:44,2026-05-25 13:47:44,medium,Access,5
1095,127,2026-05-22 14:38:29,2026-05-25 15:12:29,medium,How-to,5
1096,199,2026-05-23 07:45:06,2026-05-23 09:53:06,urgent,Billing,5
1097,58,2026-05-23 08:26:21,2026-05-23 11:21:21,urgent,Performance,5
1098,53,2026-05-23 10:12:10,2026-05-23 18:56:10,low,How-to,4
1099,144,2026-05-23 14:54:40,2026-05-23 17:12:40,medium,Integration,5
1100,144,2026-05-24 05:42:38,,high,Data Import,
1101,139,2026-05-24 10:54:11,2026-05-24 13:47:11,low,Billing,5
1102,109,2026-05-24 13:25:57,,low,Performance,
1103,101,2026-05-24 14:47:39,2026-05-27 15:04:39,medium,Data Import,4
1104,121,2026-05-25 02:49:23,,urgent,Data Import,
1105,46,2026-05-25 06:06:40,2026-05-26 08:44:40,low,Performance,
1106,96,2026-05-25 07:02:37,2026-05-25 09:48:37,low,How-to,
1107,110,2026-05-25 09:19:00,2026-05-25 11:44:00,medium,Access,
1108,156,2026-05-25 10:41:10,2026-05-25 19:32:10,high,Performance,
1109,59,2026-05-25 14:02:41,2026-05-25 16:51:41,low,Integration,5
1110,12,2026-05-25 14:40:30,2026-05-25 23:10:30,high,Data Import,3
1111,35,2026-05-26 08:10:34,2026-06-03 16:20:34,medium,How-to,2
1112,148,2026-05-26 10:33:21,2026-05-29 10:51:21,high,Data Import,3
1113,123,2026-05-26 14:46:53,2026-05-26 16:48:53,medium,How-to,5
1114,93,2026-05-27 07:59:24,2026-05-27 16:42:24,low,How-to,5
1115,98,2026-05-27 09:16:40,2026-05-28 12:13:40,high,Integration,4
1116,159,2026-05-27 09:59:42,2026-05-30 10:39:42,low,Integration,3
1117,164,2026-05-27 10:50:34,2026-05-27 13:02:34,medium,Bug,5
1118,114,2026-05-27 13:19:55,2026-05-27 15:28:55,high,Bug,
1119,101,2026-05-27 17:09:42,2026-05-28 01:16:42,medium,Integration,5
1120,18,2026-05-27 20:17:22,2026-06-05 04:25:22,high,Performance,4
1121,81,2026-05-28 08:49:20,2026-05-29 11:28:20,low,Billing,3
1122,23,2026-05-28 09:59:21,2026-05-28 12:16:21,low,Bug,5
1123,110,2026-05-28 10:02:21,2026-05-28 12:27:21,medium,Integration,5
1124,51,2026-05-28 10:20:31,2026-05-28 19:18:31,medium,Billing,3
1125,38,2026-05-28 13:34:49,2026-05-29 16:00:49,low,Integration,4
1126,59,2026-05-28 14:13:52,2026-05-28 22:46:52,medium,Bug,
1127,171,2026-05-28 16:39:58,,low,Integration,
1128,101,2026-05-29 05:18:23,2026-06-01 05:50:23,medium,How-to,
1129,101,2026-05-29 09:02:58,,medium,Integration,
1130,127,2026-05-29 12:43:28,2026-05-30 15:08:28,low,Billing,
1131,76,2026-05-29 13:01:15,2026-05-29 15:18:15,medium,Bug,5
1132,63,2026-05-29 13:58:45,2026-05-29 22:28:45,low,How-to,1
1133,71,2026-05-29 18:25:19,2026-06-01 19:21:19,low,Bug,2
1134,18,2026-05-30 09:53:46,,high,Integration,
1135,51,2026-05-30 10:21:49,2026-05-30 18:36:49,low,How-to,
1136,68,2026-05-31 07:46:06,2026-05-31 10:19:06,low,Billing,
1137,119,2026-05-31 08:38:38,2026-05-31 11:00:38,medium,Billing,2
1138,55,2026-05-31 09:05:07,2026-05-31 11:06:07,urgent,How-to,5
1139,26,2026-05-31 09:58:49,,medium,How-to,
1140,164,2026-05-31 13:15:58,2026-05-31 21:33:58,low,How-to,3
1141,63,2026-06-01 20:21:29,2026-06-02 22:29:29,low,Integration,
1142,67,2026-06-02 11:34:28,2026-06-05 11:50:28,high,Access,4
1143,182,2026-06-02 14:01:49,2026-06-03 16:05:49,low,Bug,
1144,129,2026-06-02 17:37:19,2026-06-03 20:18:19,medium,Integration,1
1145,2,2026-06-02 20:35:42,2026-06-03 04:45:42,low,Billing,5
1146,176,2026-06-03 09:38:35,2026-06-03 11:51:35,medium,Billing,5
1147,88,2026-06-03 10:27:40,2026-06-04 12:51:40,low,Integration,
1148,54,2026-06-03 11:06:52,2026-06-04 14:00:52,low,Billing,1
1149,155,2026-06-03 11:34:39,2026-06-04 14:00:39,medium,Billing,
1150,33,2026-06-03 13:41:36,2026-06-06 14:25:36,medium,Bug,
1151,169,2026-06-04 08:33:34,2026-06-12 17:05:34,medium,Billing,5
1152,199,2026-06-04 12:34:27,2026-06-04 21:11:27,medium,Bug,1
1153,125,2026-06-04 12:57:50,2026-06-04 15:50:50,medium,Data Import,5
1154,54,2026-06-04 14:31:53,2026-06-05 16:48:53,medium,Integration,2
1155,111,2026-06-04 14:57:20,2026-06-04 23:17:20,low,Performance,
1156,163,2026-06-04 19:08:25,2026-06-05 22:04:25,medium,Integration,
1157,105,2026-06-05 07:44:02,,urgent,How-to,
1158,128,2026-06-05 11:34:47,2026-06-05 19:43:47,low,Integration,4
1159,146,2026-06-05 18:58:29,,low,Billing,
1160,161,2026-06-05 19:04:25,2026-06-06 21:16:25,medium,Access,
1161,124,2026-06-06 10:53:25,2026-06-14 19:44:25,low,Data Import,5
1162,91,2026-06-06 11:23:56,2026-06-06 19:39:56,medium,Bug,
1163,37,2026-06-06 11:48:20,2026-06-07 14:18:20,medium,Bug,4
1164,151,2026-06-06 14:34:10,2026-06-07 16:51:10,low,How-to,4
1165,37,2026-06-06 14:41:00,2026-06-09 15:27:00,high,Access,5
1166,157,2026-06-06 14:42:37,2026-06-09 15:06:37,low,Data Import,4
1167,155,2026-06-06 18:35:24,2026-06-06 20:44:24,medium,How-to,
1168,83,2026-06-07 08:23:33,2026-06-07 11:16:33,medium,Integration,
1169,15,2026-06-07 13:51:22,,low,Billing,
1170,99,2026-06-07 14:05:50,2026-06-07 17:03:50,high,Integration,3
1171,66,2026-06-07 19:23:39,2026-06-10 20:04:39,medium,Billing,
1172,163,2026-06-08 03:22:23,2026-06-11 03:53:23,high,Integration,
1173,17,2026-06-08 12:45:51,2026-06-08 20:51:51,high,Bug,
1174,112,2026-06-08 14:48:31,2026-06-16 22:59:31,low,How-to,3
1175,176,2026-06-08 17:29:45,2026-06-09 19:47:45,medium,Bug,3
1176,142,2026-06-09 06:59:22,,high,How-to,
1177,23,2026-06-09 12:39:10,2026-06-10 15:17:10,urgent,Integration,
1178,19,2026-06-10 02:23:50,2026-06-11 04:44:50,high,Integration,5
1179,121,2026-06-10 03:54:42,2026-06-10 12:27:42,low,Access,4
1180,99,2026-06-10 23:33:17,,high,Bug,
1181,109,2026-06-11 02:59:02,,medium,Performance,
1182,98,2026-06-11 08:40:11,2026-06-14 08:54:11,high,Performance,5
1183,154,2026-06-12 11:50:41,2026-06-12 20:14:41,low,Performance,4
1184,84,2026-06-12 12:33:39,2026-06-13 15:05:39,low,Data Import,4
1185,96,2026-06-12 14:51:24,,medium,Integration,
1186,85,2026-06-12 16:39:13,2026-06-15 17:04:13,medium,Access,5
1187,135,2026-06-12 19:56:19,,medium,Access,
1188,171,2026-06-13 07:16:48,2026-06-14 09:34:48,medium,Data Import,3
1189,171,2026-06-13 13:13:44,,high,Billing,
1190,143,2026-06-13 13:25:57,2026-06-13 21:25:57,medium,Access,3
1191,133,2026-06-13 15:39:50,2026-06-14 00:20:50,medium,Data Import,5
1192,156,2026-06-13 17:41:53,2026-06-16 18:08:53,high,Integration,5
1193,59,2026-06-13 18:43:26,,urgent,How-to,
1194,52,2026-06-14 10:17:27,2026-06-15 13:11:27,low,How-to,5
1195,94,2026-06-14 10:43:44,2026-06-14 13:30:44,low,How-to,3
1196,189,2026-06-14 14:59:31,2026-06-14 23:52:31,medium,Data Import,
1197,135,2026-06-14 15:48:38,,medium,Bug,
1198,124,2026-06-15 10:37:18,2026-06-16 13:27:18,medium,Data Import,3
1199,81,2026-06-15 14:53:21,2026-06-18 15:37:21,medium,Performance,4
1200,12,2026-06-15 15:59:40,,urgent,Data Import,
1201,63,2026-06-15 18:23:59,,medium,Bug,
1202,127,2026-06-15 20:59:09,2026-06-15 23:32:09,low,How-to,4
1203,189,2026-06-16 04:37:12,,high,Data Import,
1204,61,2026-06-16 13:21:58,2026-06-19 14:02:58,high,Access,3
1205,3,2026-06-16 14:40:28,2026-06-16 23:36:28,low,Performance,
1206,49,2026-06-16 17:04:41,,low,Billing,
1207,133,2026-06-16 17:06:29,2026-06-19 17:45:29,high,Bug,3
1208,144,2026-06-17 05:58:37,2026-06-17 14:11:37,low,How-to,4
1209,130,2026-06-17 08:02:52,2026-06-17 16:53:52,low,Integration,
1210,121,2026-06-17 08:56:34,,low,How-to,
1211,109,2026-06-17 10:26:07,2026-06-17 18:35:07,high,Billing,3
1212,18,2026-06-17 10:37:38,2026-06-20 10:57:38,low,How-to,
1213,82,2026-06-17 10:45:17,2026-06-17 19:30:17,high,Performance,5
1214,54,2026-06-17 12:55:49,2026-06-17 15:36:49,medium,How-to,3
1215,133,2026-06-17 18:32:58,2026-06-20 19:25:58,medium,Billing,4
1216,92,2026-06-17 23:20:36,2026-06-19 01:51:36,medium,Integration,5
1217,60,2026-06-18 08:37:28,2026-06-18 10:38:28,urgent,Data Import,3
1218,23,2026-06-18 08:50:32,2026-06-18 11:39:32,low,How-to,
1219,190,2026-06-18 09:53:59,2026-06-21 10:34:59,low,Billing,5
1220,150,2026-06-18 10:39:51,2026-06-18 12:48:51,high,How-to,5
1221,2,2026-06-18 11:02:56,2026-06-18 20:00:56,low,Bug,
1222,75,2026-06-18 14:02:49,2026-06-18 22:46:49,medium,How-to,
1223,133,2026-06-18 19:37:06,2026-06-19 22:34:06,medium,Billing,2
1224,44,2026-06-19 05:43:46,2026-06-20 08:18:46,high,Billing,1
1225,123,2026-06-19 07:11:46,,urgent,Data Import,
1226,133,2026-06-19 13:11:27,2026-06-19 21:53:27,low,Integration,4
1227,136,2026-06-19 14:17:43,2026-06-20 17:09:43,medium,Billing,4
1228,38,2026-06-19 16:04:09,2026-06-19 18:33:09,high,Billing,5
1229,133,2026-06-19 17:36:33,,medium,How-to,
1230,85,2026-06-20 07:21:06,2026-06-23 07:24:06,urgent,Bug,1
1231,105,2026-06-20 13:19:15,2026-06-21 15:28:15,high,Data Import,4
1232,81,2026-06-20 14:22:10,2026-06-20 22:40:10,medium,Integration,5
1233,63,2026-06-20 20:30:52,2026-06-20 22:48:52,high,Bug,4
1234,19,2026-06-21 02:50:34,2026-06-22 05:11:34,low,Integration,4
1235,36,2026-06-21 06:33:49,2026-06-21 15:19:49,medium,Access,
1236,66,2026-06-21 08:34:06,2026-06-21 17:18:06,low,Billing,
1237,43,2026-06-21 12:53:25,2026-06-21 21:05:25,medium,Integration,4
1238,156,2026-06-21 13:14:07,2026-06-24 13:37:07,low,Performance,4
1239,38,2026-06-22 11:44:43,2026-06-22 13:57:43,low,Bug,4
1240,54,2026-06-22 11:53:04,2026-06-22 20:16:04,low,Data Import,5
1241,90,2026-06-22 13:43:28,2026-06-22 22:09:28,low,Bug,5
1242,163,2026-06-22 13:52:52,2026-06-22 22:16:52,low,Performance,5
1243,15,2026-06-22 14:05:39,2026-06-22 16:44:39,medium,Bug,
1244,80,2026-06-22 15:26:15,2026-06-23 00:12:15,low,How-to,
1245,115,2026-06-22 17:32:14,2026-06-22 20:06:14,low,Billing,
1246,66,2026-06-23 01:58:08,2026-06-26 02:20:08,low,Bug,4
1247,88,2026-06-23 08:41:10,2026-06-23 16:44:10,low,Billing,
1248,96,2026-06-23 08:43:57,2026-06-24 10:58:57,medium,Bug,
1249,42,2026-06-23 09:49:32,2026-06-26 10:48:32,high,Integration,
1250,23,2026-06-23 11:37:44,2026-06-26 11:47:44,low,How-to,5
1251,85,2026-06-23 11:50:09,2026-06-23 14:46:09,medium,Data Import,2
1252,17,2026-06-23 12:10:09,2026-06-26 12:58:09,medium,Performance,2
1253,129,2026-06-24 07:35:22,2026-06-24 15:52:22,low,Integration,4
1254,164,2026-06-24 11:30:06,,high,Bug,
1255,66,2026-06-24 11:46:30,2026-06-27 12:15:30,medium,Bug,
1256,176,2026-06-24 15:13:37,2026-06-24 17:41:37,medium,How-to,4
1257,38,2026-06-24 15:26:17,2026-06-24 23:38:17,medium,How-to,3
1258,136,2026-06-24 16:14:34,2026-06-25 18:57:34,medium,How-to,4
1259,60,2026-06-24 19:26:07,2026-06-24 21:44:07,medium,Integration,2
1260,48,2026-06-25 07:07:08,2026-06-25 15:51:08,low,How-to,
1261,122,2026-06-25 10:40:56,2026-06-25 13:26:56,medium,Integration,4
1262,128,2026-06-25 12:32:35,2026-06-28 12:53:35,medium,Data Import,4
1263,51,2026-06-25 14:18:09,2026-06-26 17:17:09,medium,Bug,4
1264,80,2026-06-25 15:19:31,2026-06-25 23:27:31,high,Billing,
1265,19,2026-06-26 06:47:19,,medium,Bug,
1266,195,2026-06-26 09:16:46,2026-07-04 18:14:46,urgent,How-to,3
1267,129,2026-06-26 11:55:30,2026-06-26 14:44:30,medium,Data Import,5
1268,63,2026-06-26 12:23:24,2026-06-26 14:45:24,medium,How-to,4
1269,46,2026-06-26 12:47:29,2026-06-27 14:54:29,medium,Bug,4
1270,59,2026-06-26 13:09:40,2026-06-26 16:01:40,medium,Performance,
1271,51,2026-06-26 14:11:32,2026-06-26 17:10:32,medium,Bug,3
1272,18,2026-06-26 15:32:28,2026-07-05 00:30:28,medium,Integration,2
1273,19,2026-06-26 15:48:25,2026-07-05 00:33:25,low,Performance,2
1274,176,2026-06-26 23:15:51,,medium,How-to,
1275,107,2026-06-27 07:54:35,2026-06-30 08:01:35,high,Integration,3
1276,44,2026-06-27 09:02:29,2026-06-27 17:36:29,low,Bug,2
1277,81,2026-06-27 12:42:21,2026-06-27 20:47:21,high,How-to,
1278,147,2026-06-27 13:16:34,2026-06-27 22:07:34,urgent,Bug,5
1279,47,2026-06-27 23:21:11,2026-06-28 07:39:11,high,How-to,
1280,189,2026-06-28 06:40:31,2026-06-28 09:22:31,low,How-to,
1281,71,2026-06-28 13:38:24,2026-06-28 15:51:24,medium,Performance,
1282,32,2026-06-28 14:57:08,2026-06-28 22:57:08,urgent,Billing,4
1283,118,2026-06-28 15:17:48,2026-06-28 18:11:48,high,Integration,5
1284,130,2026-06-29 05:57:30,2026-06-30 07:59:30,medium,How-to,
1285,2,2026-06-29 08:59:20,2026-06-29 17:02:20,medium,Integration,
1286,15,2026-06-29 10:12:31,2026-06-29 12:18:31,high,Access,
1287,127,2026-06-29 16:10:40,2026-06-30 00:23:40,medium,Integration,3
1288,130,2026-06-29 22:23:11,2026-06-30 06:57:11,medium,How-to,4
1289,93,2026-06-30 07:50:05,2026-06-30 16:10:05,low,Integration,2
1290,36,2026-06-30 09:17:47,2026-07-03 09:51:47,urgent,How-to,5
1291,66,2026-06-30 11:11:08,2026-06-30 19:11:08,low,Integration,3
1292,60,2026-06-30 14:48:46,,medium,Access,
1293,142,2026-06-30 17:49:09,2026-06-30 20:35:09,low,Data Import,
1294,99,2026-07-01 12:56:32,2026-07-02 15:47:32,low,Data Import,3
1295,76,2026-07-01 13:07:46,2026-07-01 15:21:46,low,Performance,
1296,59,2026-07-01 14:18:51,2026-07-04 14:48:51,high,How-to,
1297,129,2026-07-01 15:36:12,,low,How-to,
1298,36,2026-07-01 16:29:37,2026-07-02 00:48:37,medium,Billing,
1299,190,2026-07-02 07:14:51,2026-07-02 09:23:51,medium,Data Import,
1300,18,2026-07-02 10:20:44,2026-07-03 12:23:44,high,Data Import,4
1301,96,2026-07-02 12:08:15,,low,How-to,
1302,12,2026-07-02 14:09:55,2026-07-02 22:19:55,urgent,Billing,
1303,133,2026-07-02 14:10:04,2026-07-02 16:25:04,high,Data Import,5
1304,96,2026-07-02 16:11:36,2026-07-05 16:34:36,high,Data Import,4
1305,118,2026-07-02 16:31:16,2026-07-03 00:36:16,high,Bug,4
1306,38,2026-07-02 17:17:42,2026-07-05 17:45:42,low,Integration,
1307,133,2026-07-03 07:08:16,2026-07-06 07:15:16,medium,How-to,4
1308,129,2026-07-03 07:52:40,2026-07-03 16:28:40,medium,Billing,1
1309,94,2026-07-03 09:52:41,2026-07-03 11:53:41,high,How-to,
1310,59,2026-07-03 10:50:55,2026-07-04 13:26:55,urgent,How-to,1
1311,199,2026-07-03 11:51:40,2026-07-04 14:47:40,medium,Bug,5
1312,105,2026-07-03 13:35:20,2026-07-03 22:13:20,medium,Integration,5
1313,38,2026-07-03 14:13:13,2026-07-04 17:09:13,urgent,Billing,3
1314,111,2026-07-03 14:57:53,2026-07-04 17:33:53,medium,Performance,4
1315,5,2026-07-03 19:42:13,2026-07-03 22:14:13,high,Bug,4
1316,96,2026-07-04 06:15:57,2026-07-04 14:36:57,high,Bug,2
1317,54,2026-07-04 06:34:22,2026-07-04 09:33:22,low,Access,
1318,185,2026-07-04 06:47:57,2026-07-05 09:10:57,high,Integration,5
1319,36,2026-07-04 11:51:44,2026-07-04 20:22:44,low,Performance,4
1320,11,2026-07-05 02:58:11,2026-07-05 04:59:11,medium,How-to,3
1321,136,2026-07-05 07:31:18,2026-07-05 16:06:18,medium,How-to,
1322,54,2026-07-05 10:33:15,2026-07-06 13:25:15,high,Bug,4
1323,199,2026-07-05 10:44:20,2026-07-05 12:50:20,high,Data Import,5
1324,96,2026-07-05 19:39:50,2026-07-06 22:27:50,high,How-to,
1325,125,2026-07-06 00:19:48,2026-07-09 00:48:48,medium,Bug,
1326,150,2026-07-06 07:42:17,2026-07-06 09:58:17,low,How-to,3
1327,121,2026-07-06 09:44:01,2026-07-06 12:43:01,medium,Billing,
1328,186,2026-07-06 09:57:59,2026-07-09 10:09:59,medium,Billing,5
1329,143,2026-07-06 12:56:58,2026-07-06 15:26:58,low,Access,4
1330,91,2026-07-06 13:14:42,2026-07-06 22:00:42,high,Performance,5
1331,21,2026-07-06 16:21:52,2026-07-07 01:18:52,high,Performance,5
1332,19,2026-07-06 19:16:26,2026-07-07 22:04:26,low,Integration,
1333,2,2026-07-07 05:00:27,2026-07-07 07:01:27,high,Data Import,4
1334,128,2026-07-07 10:41:20,2026-07-07 19:15:20,low,Integration,4
1335,129,2026-07-07 11:38:06,2026-07-15 19:47:06,low,Data Import,
1336,93,2026-07-07 12:10:11,2026-07-07 20:10:11,high,Integration,2
1337,2,2026-07-07 13:16:03,2026-07-08 15:22:03,medium,Billing,
1338,101,2026-07-07 17:59:19,2026-07-08 20:30:19,low,Performance,3
1339,35,2026-07-07 21:22:48,2026-07-16 05:47:48,high,How-to,4
1340,37,2026-07-08 09:06:47,2026-07-08 17:12:47,medium,Data Import,5
1341,133,2026-07-08 11:02:52,2026-07-08 13:45:52,medium,How-to,3
1342,57,2026-07-08 11:51:25,2026-07-08 20:17:25,medium,How-to,2
1343,38,2026-07-08 13:58:56,2026-07-09 16:30:56,medium,Bug,
1344,44,2026-07-08 14:42:21,2026-07-08 17:31:21,medium,Data Import,4
1345,60,2026-07-08 17:59:22,2026-07-08 20:29:22,high,Billing,4
1346,154,2026-07-08 18:30:36,2026-07-09 21:12:36,high,Bug,4
1347,55,2026-07-08 20:28:20,2026-07-11 20:45:20,urgent,Integration,
1348,113,2026-07-08 22:14:08,,medium,Integration,
1349,44,2026-07-09 08:00:18,2026-07-12 08:39:18,low,Data Import,
1350,130,2026-07-09 11:38:06,2026-07-09 14:15:06,medium,Billing,1
1351,54,2026-07-09 11:59:04,2026-07-09 14:21:04,low,Integration,
1352,71,2026-07-09 12:29:24,,medium,Integration,
1353,120,2026-07-09 13:02:26,,urgent,Access,
1354,18,2026-07-10 12:09:34,,urgent,How-to,
1355,107,2026-07-10 13:23:23,2026-07-13 14:19:23,medium,Integration,1
1356,20,2026-07-10 13:41:46,2026-07-10 16:20:46,medium,Bug,4
1357,94,2026-07-10 16:04:06,2026-07-11 00:37:06,medium,Bug,5
1358,162,2026-07-11 05:04:55,2026-07-11 07:57:55,medium,Performance,2
1359,184,2026-07-11 08:17:32,2026-07-11 11:12:32,low,Access,5
1360,164,2026-07-11 20:51:13,2026-07-12 23:38:13,medium,How-to,3
1361,199,2026-07-12 00:31:25,2026-07-12 02:50:25,high,Access,3
1362,135,2026-07-12 04:52:04,2026-07-12 13:12:04,medium,Data Import,5
1363,101,2026-07-12 09:50:19,2026-07-13 12:31:19,medium,Access,
1364,86,2026-07-12 11:09:02,,medium,How-to,
1365,18,2026-07-12 11:24:25,2026-07-12 14:11:25,low,Integration,5
1366,111,2026-07-12 12:16:11,2026-07-13 15:14:11,low,Bug,5
1367,61,2026-07-13 01:05:22,2026-07-14 03:06:22,medium,Data Import,
1368,15,2026-07-13 08:01:31,2026-07-13 16:17:31,high,Performance,4
1369,94,2026-07-13 09:25:45,2026-07-13 12:06:45,low,How-to,1
1370,101,2026-07-13 11:47:49,2026-07-13 20:11:49,medium,How-to,
1371,54,2026-07-13 12:57:21,2026-07-21 21:30:21,low,Performance,4
1372,115,2026-07-13 13:58:43,2026-07-13 16:23:43,urgent,Performance,5
1373,31,2026-07-13 14:18:50,2026-07-21 22:55:50,low,How-to,
1374,162,2026-07-13 17:20:09,2026-07-13 19:40:09,medium,Data Import,4
1375,42,2026-07-13 23:36:36,2026-07-14 07:44:36,low,Bug,
1376,101,2026-07-14 09:47:06,2026-07-15 12:23:06,medium,Access,2
1377,127,2026-07-14 15:15:04,2026-07-14 18:00:04,high,Integration,5
1378,157,2026-07-14 15:57:16,2026-07-15 18:10:16,medium,Data Import,3
1379,171,2026-07-14 17:58:08,2026-07-15 20:37:08,medium,Access,4
1380,123,2026-07-14 22:21:20,2026-07-16 01:10:20,medium,Data Import,5
1381,169,2026-07-15 08:43:26,2026-07-16 11:15:26,low,Billing,5
1382,54,2026-07-15 12:19:04,2026-07-23 21:09:04,urgent,Data Import,
1383,79,2026-07-15 18:18:59,2026-07-16 03:01:59,medium,Access,4
1384,37,2026-07-16 08:04:01,2026-07-17 10:34:01,urgent,Billing,
1385,130,2026-07-16 09:47:43,2026-07-19 10:12:43,medium,Billing,5
1386,34,2026-07-16 11:43:35,2026-07-19 12:08:35,medium,How-to,5
1387,111,2026-07-16 13:09:34,,medium,Performance,
1388,129,2026-07-16 15:47:07,2026-07-17 00:15:07,low,Billing,5
1389,152,2026-07-16 16:37:54,2026-07-17 19:20:54,medium,How-to,5
1390,176,2026-07-17 05:26:21,2026-07-20 05:48:21,low,Performance,4
1391,176,2026-07-17 08:36:29,2026-07-17 11:01:29,urgent,Billing,1
1392,133,2026-07-17 10:00:21,,low,Billing,
1393,79,2026-07-17 10:37:48,2026-07-25 18:49:48,high,Access,3
1394,164,2026-07-17 15:18:57,2026-07-17 18:03:57,medium,How-to,4
1395,80,2026-07-17 18:07:27,2026-07-18 20:32:27,low,Bug,5
1396,49,2026-07-18 09:19:54,2026-07-18 11:20:54,low,Billing,1
1397,109,2026-07-18 15:29:15,2026-07-21 15:52:15,high,Billing,5
1398,109,2026-07-19 07:12:11,,low,Bug,
1399,53,2026-07-19 08:04:01,2026-07-20 10:43:01,medium,Performance,4
1400,66,2026-07-19 08:04:09,2026-07-19 10:19:09,high,Integration,
1401,123,2026-07-19 09:45:55,2026-07-22 09:54:55,medium,Performance,
1402,63,2026-07-19 11:25:23,2026-07-19 19:44:23,medium,Bug,4
1403,59,2026-07-19 12:55:16,2026-07-20 15:45:16,medium,Performance,
1404,31,2026-07-20 11:11:47,2026-07-20 14:10:47,low,Data Import,3
1405,110,2026-07-20 12:49:48,2026-07-21 15:05:48,high,Access,4
1406,76,2026-07-20 15:46:52,2026-07-21 00:34:52,medium,Data Import,5
1407,127,2026-07-21 02:30:05,2026-07-21 04:31:05,high,Data Import,
1408,198,2026-07-21 12:08:37,2026-07-21 20:50:37,high,Bug,
1409,111,2026-07-21 16:28:14,2026-07-21 18:57:14,low,Integration,3
1410,44,2026-07-22 06:30:43,2026-07-22 08:44:43,high,Performance,4
1411,91,2026-07-22 06:41:56,2026-07-23 08:45:56,medium,Integration,
1412,26,2026-07-22 10:33:45,2026-07-22 19:27:45,medium,Integration,2
1413,128,2026-07-22 11:53:57,2026-07-23 14:34:57,low,Billing,5
1414,189,2026-07-22 13:56:55,2026-07-22 16:40:55,medium,Billing,
1415,127,2026-07-22 16:52:08,2026-07-23 19:49:08,low,Access,1
1416,145,2026-07-22 17:07:50,2026-07-23 02:04:50,high,How-to,1
1417,3,2026-07-22 18:11:25,,medium,Integration,
1418,80,2026-07-22 21:09:39,2026-07-25 21:51:39,high,Data Import,4
1419,64,2026-07-23 09:02:43,2026-07-24 11:45:43,medium,Bug,4
1420,172,2026-07-23 13:41:19,2026-07-23 22:26:19,high,How-to,4
1421,55,2026-07-23 13:47:52,2026-07-23 21:49:52,high,Integration,4
1422,141,2026-07-23 17:17:51,2026-07-24 19:48:51,urgent,Bug,
1423,109,2026-07-24 08:33:34,2026-07-24 10:44:34,low,Integration,
1424,171,2026-07-24 10:44:17,,medium,How-to,
1425,63,2026-07-24 11:56:30,2026-07-25 14:33:30,high,Data Import,2
1426,26,2026-07-25 07:34:26,2026-07-26 10:00:26,medium,How-to,4
1427,184,2026-07-25 12:54:36,2026-07-25 21:00:36,low,Data Import,4
1428,36,2026-07-25 13:25:10,2026-07-26 16:03:10,high,Bug,3
1429,101,2026-07-25 18:25:56,2026-07-26 20:32:56,medium,How-to,
1430,133,2026-07-25 20:03:28,2026-08-03 04:11:28,medium,Billing,5
1431,182,2026-07-26 11:21:33,2026-07-26 19:41:33,low,Integration,4
1432,110,2026-07-26 11:33:39,2026-07-27 14:16:39,medium,Integration,
1433,109,2026-07-26 12:20:35,2026-07-26 14:41:35,high,Data Import,3
1434,195,2026-07-26 12:23:46,,medium,Access,
1435,112,2026-07-26 12:44:45,2026-07-26 20:56:45,medium,Data Import,1
1436,60,2026-07-26 13:22:52,2026-07-26 22:14:52,low,How-to,2
1437,19,2026-07-27 00:43:17,2026-07-28 03:28:17,medium,Performance,4
1438,80,2026-07-27 09:08:50,2026-08-04 18:06:50,high,Bug,4
1439,129,2026-07-27 12:24:25,2026-07-30 12:50:25,high,Data Import,3
1440,91,2026-07-27 13:56:11,,medium,Billing,
1441,16,2026-07-28 10:49:23,2026-07-28 19:13:23,high,How-to,
1442,121,2026-07-28 11:15:11,2026-07-28 19:36:11,medium,Performance,
1443,34,2026-07-28 19:38:38,,high,Performance,
1444,23,2026-07-28 22:33:12,2026-08-06 07:20:12,medium,Billing,
1445,5,2026-07-29 04:30:39,2026-08-06 13:24:39,low,Data Import,
1446,154,2026-07-29 05:49:32,,low,How-to,
1447,40,2026-07-29 09:10:33,2026-07-29 17:45:33,high,Bug,
1448,80,2026-07-29 12:07:30,2026-08-01 12:50:30,high,Data Import,4
1449,134,2026-07-29 14:54:29,2026-08-01 14:59:29,high,How-to,
1450,130,2026-07-29 15:56:32,,low,Bug,
1451,189,2026-07-29 18:07:32,2026-07-29 20:25:32,medium,How-to,4
1452,59,2026-07-29 18:10:33,2026-07-30 20:41:33,high,Data Import,2
1453,38,2026-07-30 11:21:15,2026-08-02 11:33:15,high,How-to,
1454,184,2026-07-30 17:17:27,,low,How-to,
1455,32,2026-07-31 06:13:46,,low,Billing,
1456,118,2026-07-31 11:18:01,2026-08-01 13:55:01,low,Billing,3
1457,129,2026-07-31 11:40:14,2026-08-01 14:22:14,medium,Billing,5
1458,54,2026-07-31 13:29:00,2026-08-01 15:41:00,high,Bug,
1459,144,2026-07-31 14:54:14,2026-07-31 17:40:14,medium,How-to,
1460,38,2026-07-31 17:04:48,2026-07-31 19:08:48,low,Performance,4
1461,63,2026-07-31 17:39:17,2026-08-01 01:55:17,low,Billing,
1462,59,2026-08-01 05:19:59,2026-08-01 07:29:59,urgent,Integration,5
1463,110,2026-08-01 06:23:52,2026-08-02 08:46:52,high,How-to,3
1464,138,2026-08-01 17:17:11,2026-08-01 19:44:11,high,How-to,4
1465,148,2026-08-01 20:11:33,2026-08-01 22:36:33,urgent,How-to,1
1466,33,2026-08-02 09:07:50,2026-08-02 17:30:50,high,Integration,3
1467,135,2026-08-02 09:17:56,2026-08-02 11:38:56,urgent,Bug,5
1468,123,2026-08-02 11:18:31,2026-08-02 19:56:31,low,How-to,4
1469,96,2026-08-02 11:51:15,2026-08-05 11:53:15,low,Bug,5
1470,80,2026-08-02 12:37:06,2026-08-02 14:53:06,low,Billing,5
1471,26,2026-08-02 13:12:53,2026-08-05 13:36:53,high,Bug,
1472,26,2026-08-02 18:11:26,2026-08-02 20:29:26,low,Integration,4
1473,120,2026-08-02 20:15:29,2026-08-02 22:36:29,low,How-to,
1474,109,2026-08-03 01:18:02,2026-08-06 01:28:02,medium,How-to,4
1475,101,2026-08-03 08:23:50,2026-08-03 11:10:50,medium,Bug,1
1476,57,2026-08-03 12:34:38,2026-08-04 15:03:38,urgent,Billing,
1477,107,2026-08-03 13:44:15,2026-08-03 16:25:15,medium,Data Import,
1478,94,2026-08-03 16:25:00,2026-08-06 17:03:00,low,Access,
1479,133,2026-08-03 16:26:26,2026-08-06 17:03:26,low,Integration,4
1480,82,2026-08-03 19:15:04,,medium,Billing,
1481,18,2026-08-04 08:05:24,2026-08-07 08:59:24,low,How-to,
1482,169,2026-08-04 08:21:41,2026-08-04 10:57:41,urgent,Integration,4
1483,36,2026-08-04 08:55:23,2026-08-04 11:19:23,urgent,Integration,
1484,59,2026-08-04 10:15:23,,medium,Billing,
1485,155,2026-08-04 13:10:46,2026-08-04 15:39:46,medium,Data Import,
1486,147,2026-08-04 19:22:15,2026-08-04 21:39:15,medium,Access,3
1487,23,2026-08-05 05:57:49,2026-08-05 14:06:49,low,Billing,
1488,54,2026-08-05 06:35:06,2026-08-08 06:52:06,low,Integration,5
1489,66,2026-08-05 09:42:05,2026-08-05 17:48:05,medium,How-to,5
1490,94,2026-08-05 11:16:32,,medium,Integration,
1491,18,2026-08-05 11:39:57,2026-08-05 19:46:57,high,Performance,
1492,63,2026-08-05 12:56:42,2026-08-05 21:12:42,low,Integration,5
1493,133,2026-08-05 15:50:12,2026-08-06 18:38:12,low,Bug,5
1494,77,2026-08-05 15:58:37,2026-08-06 18:27:37,medium,How-to,5
1495,15,2026-08-06 08:04:46,,high,Data Import,
1496,148,2026-08-06 09:42:56,2026-08-06 18:00:56,urgent,How-to,
1497,190,2026-08-06 10:35:17,2026-08-06 12:37:17,high,How-to,5
1498,66,2026-08-06 10:35:38,2026-08-06 13:17:38,low,How-to,5
1499,80,2026-08-06 10:38:51,2026-08-09 11:34:51,medium,Integration,4
1500,94,2026-08-06 10:59:28,2026-08-06 19:15:28,medium,Bug,1
1501,118,2026-08-06 12:43:31,2026-08-06 15:19:31,low,Bug,
1502,37,2026-08-06 15:16:52,2026-08-06 17:50:52,medium,Bug,4
1503,180,2026-08-06 15:19:21,2026-08-06 23:35:21,medium,Bug,4
1504,122,2026-08-06 15:36:35,,low,How-to,
1505,50,2026-08-07 08:30:04,2026-08-08 11:05:04,low,Access,4
1506,164,2026-08-07 08:59:04,2026-08-08 11:09:04,medium,Integration,4
1507,75,2026-08-07 10:43:42,2026-08-10 11:16:42,urgent,Billing,5
1508,74,2026-08-07 13:33:41,2026-08-15 22:06:41,low,Bug,4
1509,75,2026-08-07 14:12:49,2026-08-07 17:06:49,medium,Integration,5
1510,130,2026-08-07 15:29:22,,medium,Billing,
1511,65,2026-08-07 15:57:00,2026-08-08 00:20:00,medium,Data Import,4
1512,129,2026-08-07 16:40:40,2026-08-07 18:45:40,low,Bug,
1513,94,2026-08-07 16:57:45,2026-08-07 19:56:45,medium,Data Import,1
1514,65,2026-08-07 17:42:22,2026-08-07 19:57:22,medium,How-to,4
1515,20,2026-08-07 21:32:06,2026-08-09 00:07:06,low,Bug,
1516,171,2026-08-08 09:31:24,2026-08-08 17:39:24,high,Integration,
1517,43,2026-08-08 09:39:08,2026-08-08 17:50:08,low,Integration,
1518,101,2026-08-08 10:08:33,,medium,Integration,
1519,127,2026-08-08 12:57:20,2026-08-08 15:47:20,low,Data Import,3
1520,33,2026-08-08 13:58:17,2026-08-09 16:26:17,urgent,Integration,
1521,154,2026-08-08 15:45:44,2026-08-09 00:32:44,low,Integration,2
1522,86,2026-08-09 18:34:45,,high,Integration,
1523,66,2026-08-10 11:52:51,2026-08-11 14:19:51,medium,Billing,5
1524,111,2026-08-10 17:00:46,2026-08-10 19:28:46,low,How-to,3
1525,150,2026-08-11 08:12:59,2026-08-19 16:45:59,high,Integration,5
1526,152,2026-08-11 09:11:49,,urgent,Integration,
1527,59,2026-08-11 11:34:17,2026-08-11 13:55:17,medium,Access,
1528,7,2026-08-11 15:04:26,2026-08-11 23:17:26,high,Bug,
1529,186,2026-08-11 17:55:31,2026-08-12 02:32:31,medium,Access,3
1530,59,2026-08-13 14:58:15,2026-08-13 23:28:15,high,Integration,4
1531,34,2026-08-13 15:21:33,2026-08-14 17:52:33,high,How-to,
1532,101,2026-08-14 09:37:51,2026-08-15 11:47:51,low,Performance,4
1533,112,2026-08-14 09:57:13,,medium,Integration,
1534,94,2026-08-15 04:12:57,2026-08-15 12:13:57,high,How-to,4
1535,52,2026-08-15 10:05:15,2026-08-15 12:21:15,medium,Integration,
1536,108,2026-08-15 11:02:35,2026-08-18 11:17:35,medium,How-to,3
1537,171,2026-08-15 11:55:08,2026-08-15 20:19:08,medium,Integration,4
1538,128,2026-08-15 16:08:32,2026-08-24 00:49:32,low,How-to,3
1539,109,2026-08-15 18:05:07,2026-08-16 02:51:07,low,Access,4
1540,111,2026-08-16 11:14:21,2026-08-16 19:41:21,medium,How-to,
1541,18,2026-08-16 11:59:02,2026-08-16 14:24:02,medium,Integration,4
1542,64,2026-08-16 14:08:49,2026-08-19 14:43:49,medium,Access,
1543,65,2026-08-16 15:23:33,2026-08-16 17:50:33,low,Performance,3
1544,182,2026-08-16 17:05:03,2026-08-16 19:14:03,medium,How-to,3
1545,26,2026-08-17 06:55:48,2026-08-17 09:25:48,medium,How-to,4
1546,136,2026-08-17 10:20:09,2026-08-17 19:08:09,high,How-to,
1547,2,2026-08-17 16:21:50,2026-08-18 18:25:50,medium,Integration,4
1548,18,2026-08-17 20:37:38,2026-08-18 05:22:38,medium,Bug,5
1549,156,2026-08-18 02:05:55,2026-08-21 02:19:55,low,How-to,5
1550,128,2026-08-18 09:56:32,,medium,Data Import,
1551,199,2026-08-18 14:29:32,2026-08-18 23:16:32,medium,Access,2
1552,36,2026-08-18 15:15:54,2026-08-19 00:02:54,high,How-to,5
1553,74,2026-08-18 16:55:18,,urgent,Access,
1554,107,2026-08-18 17:17:07,2026-08-19 01:43:07,medium,How-to,4
1555,191,2026-08-18 17:23:41,2026-08-19 01:28:41,medium,Data Import,
1556,133,2026-08-19 08:02:52,2026-08-19 16:55:52,high,Integration,
1557,19,2026-08-19 12:51:51,2026-08-19 21:35:51,low,Data Import,3
1558,96,2026-08-19 17:11:30,2026-08-19 19:17:30,high,Bug,5
1559,99,2026-08-19 18:19:22,2026-08-20 03:01:22,medium,Access,3
1560,60,2026-08-19 23:42:44,,low,How-to,
1561,135,2026-08-20 10:30:30,2026-08-20 13:23:30,high,How-to,4
1562,94,2026-08-20 16:10:50,2026-08-20 18:44:50,low,Data Import,4
1563,35,2026-08-20 18:49:07,2026-08-21 21:24:07,low,Bug,4
1564,138,2026-08-20 20:22:05,2026-08-20 22:25:05,medium,Performance,3
1565,109,2026-08-21 10:18:00,2026-08-24 10:45:00,high,Performance,5
1566,33,2026-08-21 11:28:13,2026-08-21 19:55:13,low,Data Import,5
1567,86,2026-08-21 20:39:30,2026-08-22 05:22:30,medium,Performance,4
1568,109,2026-08-22 02:00:00,2026-08-22 04:57:00,medium,How-to,5
1569,109,2026-08-22 07:17:23,2026-08-25 07:46:23,low,How-to,
1570,115,2026-08-22 07:43:32,2026-08-22 10:12:32,high,Access,2
1571,155,2026-08-22 10:03:40,2026-08-22 18:03:40,low,Bug,5
1572,182,2026-08-22 14:28:17,2026-08-22 17:24:17,high,Performance,1
1573,121,2026-08-22 15:19:30,,low,Integration,
1574,175,2026-08-22 20:40:34,2026-08-22 22:55:34,medium,Data Import,3
1575,15,2026-08-23 10:01:20,2026-08-26 10:36:20,low,Data Import,4
1576,189,2026-08-23 10:17:38,2026-08-23 18:30:38,low,Data Import,5
1577,88,2026-08-23 12:54:52,2026-08-26 13:10:52,medium,Integration,5
1578,60,2026-08-23 14:13:55,,high,Performance,
1579,23,2026-08-23 15:31:29,2026-08-24 18:17:29,high,Bug,5
1580,54,2026-08-23 22:16:36,2026-08-26 22:22:36,urgent,Integration,4
1581,91,2026-08-24 11:26:25,2026-08-27 12:08:25,low,Data Import,
1582,54,2026-08-24 14:27:46,2026-08-25 17:15:46,low,Bug,3
1583,37,2026-08-25 11:06:52,,medium,Bug,
1584,96,2026-08-26 12:12:41,2026-08-26 14:35:41,medium,How-to,
1585,191,2026-08-26 12:27:56,2026-08-26 15:26:56,medium,Performance,4
1586,32,2026-08-26 14:16:20,,high,Performance,
1587,96,2026-08-26 15:43:01,2026-08-27 18:25:01,high,Data Import,
1588,26,2026-08-27 00:26:59,,low,Bug,
1589,101,2026-08-27 06:54:27,,low,Data Import,
1590,81,2026-08-27 11:10:45,,low,Access,
1591,99,2026-08-27 12:57:51,,medium,Integration,
1592,109,2026-08-27 13:31:41,,medium,Billing,
1593,4,2026-08-27 17:00:33,,medium,How-to,
1594,114,2026-08-27 21:40:42,,low,Data Import,
1595,96,2026-08-28 09:15:07,,high,Bug,
1596,169,2026-08-28 11:53:55,,urgent,Performance,
1597,21,2026-08-28 12:31:38,,high,How-to,
1598,23,2026-08-28 13:57:52,,medium,Access,
1599,59,2026-08-28 16:31:55,,medium,Integration,
1600,65,2026-08-28 19:28:10,,high,How-to,
1601,159,2026-08-29 08:23:06,,medium,Data Import,
1602,59,2026-08-29 08:34:46,,medium,How-to,
1603,120,2026-08-29 11:56:40,,medium,Performance,
1604,161,2026-08-29 12:59:19,,medium,How-to,
1605,136,2026-08-29 13:33:51,,medium,How-to,
1606,176,2026-08-29 16:00:38,,low,Billing,
1607,191,2026-08-29 21:08:59,,medium,How-to,
1608,171,2026-08-30 13:13:29,,medium,Data Import,
1609,189,2026-08-30 13:42:16,,high,Bug,
1610,98,2026-08-30 15:42:00,,low,Bug,
1611,19,2026-08-31 07:02:27,,medium,How-to,
1612,130,2026-08-31 12:09:57,,high,Integration,
1613,68,2026-08-31 12:43:02,,high,Data Import,
1614,1,2026-08-31 14:39:35,,low,Bug,
1615,93,2026-08-31 19:13:45,,high,How-to,
